,STATE,COUNTY,GEOCODE,SUMLEV,POP100,HU100,P0010001,H0010001,H0010002,H0010003,NAME
10,9,1.0,0900104720,60,20358,7980,20358,7980,7653,327,Bethel town
11,9,1.0,0900108070,60,148654,58874,148654,58874,54261,4613,Bridgeport town
12,9,1.0,0900108980,60,17528,7116,17528,7116,6695,421,Brookfield town
13,9,1.0,0900118500,60,86518,33562,86518,33562,31762,1800,Danbury town
14,9,1.0,0900118850,60,21499,7265,21499,7265,6814,451,Darien town
15,9,1.0,0900123890,60,7605,2756,7605,2756,2605,151,Easton town
16,9,1.0,0900126620,60,61512,21982,61512,21982,20820,1162,Fairfield town
17,9,1.0,0900133620,60,63518,25677,63518,25677,23316,2361,Greenwich town
18,9,1.0,0900148620,60,18825,6918,18825,6918,6690,228,Monroe town
19,9,1.0,0900150580,60,20622,7502,20622,7502,6923,579,New Canaan town
20,9,1.0,0900150860,60,13579,5635,13579,5635,4948,687,New Fairfield town
21,9,1.0,0900152980,60,27173,10322,27173,10322,9766,556,Newtown town
22,9,1.0,0900156060,60,91184,38152,91184,38152,36078,2074,Norwalk town
23,9,1.0,0900163480,60,8765,3664,8765,3664,3356,308,Redding town
24,9,1.0,0900163970,60,25033,9506,25033,9506,8968,538,Ridgefield town
25,9,1.0,0900168170,60,40869,17174,40869,17174,16356,818,Shelton town
26,9,1.0,0900168310,60,3527,1834,3527,1834,1425,409,Sherman town
27,9,1.0,0900173070,60,135470,56953,135470,56953,53241,3712,Stamford town
28,9,1.0,0900174190,60,52355,21643,52355,21643,20435,1208,Stratford town
29,9,1.0,0900177200,60,36827,13159,36827,13159,12622,537,Trumbull town
30,9,1.0,0900183430,60,10354,3671,10354,3671,3420,251,Weston town
31,9,1.0,0900183500,60,27141,10567,27141,10567,9720,847,Westport town
32,9,1.0,0900186370,60,18503,6567,18503,6567,6210,357,Wilton town
62,9,5.0,0900502760,60,3647,1566,3647,1566,1457,109,Barkhamsted town
63,9,5.0,0900504930,60,3385,1605,3385,1605,1398,207,Bethlehem town
64,9,5.0,0900508210,60,1662,863,1662,863,728,135,Bridgewater town
65,9,5.0,0900510940,60,1080,639,1080,639,480,159,Canaan town
66,9,5.0,0900516050,60,1361,694,1361,694,584,110,Colebrook town
67,9,5.0,0900517240,60,1567,1002,1567,1002,732,270,Cornwall town
68,9,5.0,0900532290,60,3150,1708,3150,1708,1285,423,Goshen town
69,9,5.0,0900537280,60,5484,2313,5484,2313,2179,134,Harwinton town
70,9,5.0,0900540290,60,3019,1687,3019,1687,1285,402,Kent town
71,9,5.0,0900543370,60,8192,3966,8192,3966,3467,499,Litchfield town
72,9,5.0,0900549460,60,2256,1253,2256,1253,933,320,Morris town
73,9,5.0,0900551350,60,6658,2968,6658,2968,2681,287,New Hartford town
74,9,5.0,0900552630,60,28115,11928,28115,11928,10994,934,New Milford town
75,9,5.0,0900553470,60,1588,932,1588,932,715,217,Norfolk town
76,9,5.0,0900554030,60,3211,1582,3211,1582,1399,183,North Canaan town
77,9,5.0,0900560750,60,11671,5151,11671,5151,4856,295,Plymouth town
78,9,5.0,0900565930,60,2260,1163,2260,1163,979,184,Roxbury town
79,9,5.0,0900566420,60,4194,2519,4194,2519,1717,802,Salisbury town
80,9,5.0,0900567960,60,2680,1724,2680,1724,1238,486,Sharon town
81,9,5.0,0900575730,60,7442,3340,7442,3340,3145,195,Thomaston town
82,9,5.0,0900576570,60,35515,17040,35515,17040,15490,1550,Torrington town
83,9,5.0,0900579510,60,1351,790,1351,790,580,210,Warren town
84,9,5.0,0900579720,60,3646,2056,3646,2056,1526,530,Washington town
85,9,5.0,0900580490,60,22105,9137,22105,9137,8742,395,Watertown town
86,9,5.0,0900586440,60,10224,5405,10224,5405,4661,744,Winchester town
87,9,5.0,0900587910,60,9723,4584,9723,4584,4251,333,Woodbury town
104,9,9.0,0900900000,60,0,0,0,0,0,0,County subdivisions not defined
105,9,9.0,0900901220,60,18918,8104,18918,8104,7570,534,Ansonia town
106,9,9.0,0900903250,60,6000,2618,6000,2618,2485,133,Beacon Falls town
107,9,9.0,0900904580,60,5297,2039,5297,2039,1948,91,Bethany town
108,9,9.0,0900907310,60,28273,14180,28273,14180,13069,1111,Branford town
109,9,9.0,0900914160,60,28733,10401,28733,10401,10041,360,Cheshire town
110,9,9.0,0900919550,60,12325,5759,12325,5759,5408,351,Derby town
111,9,9.0,0900922910,60,27923,12394,27923,12394,11635,759,East Haven town
112,9,9.0,0900934950,60,22073,9693,22073,9693,8813,880,Guilford town
113,9,9.0,0900935650,60,61169,25984,61169,25984,23988,1996,Hamden town
114,9,9.0,0900944560,60,17691,8060,17691,8060,6987,1073,Madison town
115,9,9.0,0900946520,60,60850,26177,60850,26177,24346,1831,Meriden town
116,9,9.0,0900946940,60,7574,3047,7574,3047,2859,188,Middlebury town
117,9,9.0,0900947535,60,52044,23749,52044,23749,22338,1411,Milford town
118,9,9.0,0900949950,60,31519,13239,31519,13239,12432,807,Naugatuck town
119,9,9.0,0900952070,60,134023,57525,134023,57525,52263,5262,New Haven town
120,9,9.0,0900953890,60,13544,5633,13544,5633,5323,310,North Branford town
121,9,9.0,0900954870,60,24253,9981,24253,9981,9546,435,North Haven town
122,9,9.0,0900957600,60,14280,5480,14280,5480,5282,198,Orange town
123,9,9.0,0900958300,60,12706,5022,12706,5022,4774,248,Oxford town
124,9,9.0,0900962290,60,9401,3762,9401,3762,3627,135,Prospect town
125,9,9.0,0900967610,60,16748,7112,16748,7112,6779,333,Seymour town
126,9,9.0,0900969640,60,19879,9270,19879,9270,8587,683,Southbury town
127,9,9.0,0900978740,60,44396,18938,44396,18938,18104,834,Wallingford town
128,9,9.0,0900980070,60,114403,48392,114403,48392,44425,3967,Waterbury town
129,9,9.0,0900982870,60,55584,22735,55584,22735,21409,1326,West Haven town
130,9,9.0,0900987560,60,16142,6408,16142,6408,6141,267,Wolcott town
131,9,9.0,0900987700,60,9087,3476,9087,3476,3258,218,Woodbridge town
106,36,5.0,3600508510,60,1472654,547030,1472654,547030,522450,24580,Bronx borough
321,36,27.0,3602701693,60,3769,1962,3769,1962,1622,340,Amenia town
322,36,27.0,3602705100,60,13769,6262,13769,6262,5780,482,Beacon city
323,36,27.0,3602705452,60,14172,4874,14172,4874,4409,465,Beekman town
324,36,27.0,3602716408,60,4037,1901,4037,1901,1593,308,Clinton town
325,36,27.0,3602720819,60,8415,3505,8415,3505,3182,323,Dover town
326,36,27.0,3602721996,60,29707,10829,29707,10829,10206,623,East Fishkill town
327,36,27.0,3602725978,60,24226,9521,24226,9521,9039,482,Fishkill town
328,36,27.0,3602737209,60,21021,8433,21021,8433,7921,512,Hyde Park town
329,36,27.0,3602740299,60,15975,5897,15975,5897,5617,280,LaGrange town
330,36,27.0,3602747207,60,2245,1202,2245,1202,957,245,Milan town
331,36,27.0,3602751891,60,2971,1543,2971,1543,1223,320,North East town
332,36,27.0,3602756825,60,8012,3518,8012,3518,3117,401,Pawling town
333,36,27.0,3602758156,60,2218,1175,2218,1175,946,229,Pine Plains town
334,36,27.0,3602758695,60,9799,4151,9799,4151,3921,230,Pleasant Valley town
335,36,27.0,3602759641,60,31577,14604,31577,14604,13139,1465,Poughkeepsie city
336,36,27.0,3602759652,60,45471,16878,45471,16878,15857,1021,Poughkeepsie town
337,36,27.0,3602760905,60,9953,4415,9953,4415,3926,489,Red Hook town
338,36,27.0,3602761357,60,7596,3787,7596,3787,3320,467,Rhinebeck town
339,36,27.0,3602770662,60,3682,1859,3682,1859,1494,365,Stanford town
340,36,27.0,3602776166,60,4558,1766,4558,1766,1587,179,Union Vale town
341,36,27.0,3602778157,60,28216,11657,28216,11657,11183,474,Wappinger town
342,36,27.0,3602778388,60,4522,2270,4522,2270,1888,382,Washington town
506,36,47.0,3604710022,60,2736074,1077654,2736074,1077654,1009804,67850,Brooklyn borough
590,36,59.0,3605929113,60,28365,10793,28365,10793,10099,694,Glen Cove city
591,36,59.0,3605934000,60,793409,260524,793409,260524,250261,10263,Hempstead town
592,36,59.0,3605943335,60,35029,16771,35029,16771,15360,1411,Long Beach city
593,36,59.0,3605953000,60,237639,83729,237639,83729,79546,4183,North Hempstead town
594,36,59.0,3605956000,60,301332,104915,301332,104915,100216,4699,Oyster Bay town
595,36,61.0,3606144919,60,1694251,913926,1694251,913926,817782,96144,Manhattan borough
681,36,71.0,3607107003,60,18811,6944,18811,6944,6253,691,Blooming Grove town
682,36,71.0,3607115308,60,12646,4590,12646,4590,4356,234,Chester town
683,36,71.0,3607118300,60,12884,5240,12884,5240,4923,317,Cornwall town
684,36,71.0,3607118916,60,9130,3549,9130,3549,3339,210,Crawford town
685,36,71.0,3607119961,60,7509,3319,7509,3319,2954,365,Deerpark town
686,36,71.0,3607129553,60,14571,5226,14571,5226,4832,394,Goshen town
687,36,71.0,3607130631,60,4689,1725,4689,1725,1613,112,Greenville town
688,36,71.0,3607131907,60,5489,1877,5489,1877,1778,99,Hamptonburgh town
689,36,71.0,3607134550,60,12939,3554,12939,3554,3156,398,Highlands town
690,36,71.0,3607147042,60,30345,11980,30345,11980,11011,969,Middletown city
691,36,71.0,3607147713,60,4621,1659,4621,1659,1579,80,Minisink town
692,36,71.0,3607147999,60,21387,7421,21387,7421,7016,405,Monroe town
693,36,71.0,3607148153,60,23322,8920,23322,8920,8367,553,Montgomery town
694,36,71.0,3607148857,60,6537,2059,6537,2059,1869,190,Mount Hope town
695,36,71.0,3607150034,60,28856,11099,28856,11099,9771,1328,Newburgh city
696,36,71.0,3607150045,60,31985,12406,31985,12406,11745,661,Newburgh town
697,36,71.0,3607150848,60,27805,11156,27805,11156,10500,656,New Windsor town
698,36,71.0,3607156185,60,32954,6207,32954,6207,5837,370,Palm Tree town
699,36,71.0,3607159388,60,8775,3992,8775,3992,3542,450,Port Jervis city
700,36,71.0,3607175781,60,3811,1660,3811,1660,1441,219,Tuxedo town
701,36,71.0,3607177992,60,30486,12047,30486,12047,11371,676,Wallkill town
702,36,71.0,3607178366,60,32027,13315,32027,13315,12115,1200,Warwick town
703,36,71.0,3607178839,60,7534,2758,7534,2758,2593,165,Wawayanda town
704,36,71.0,3607182755,60,12197,4176,12197,4176,3785,391,Woodbury town
766,36,79.0,3607912529,60,33576,12578,33576,12578,11897,681,Carmel town
767,36,79.0,3607939331,60,12900,5429,12900,5429,4866,563,Kent town
768,36,79.0,3607956748,60,11541,4101,11541,4101,3786,315,Patterson town
769,36,79.0,3607957584,60,9831,4325,9831,4325,3847,478,Philipstown town
770,36,79.0,3607960147,60,11762,4817,11762,4817,4237,580,Putnam Valley town
771,36,79.0,3607968924,60,18058,7058,18058,7058,6696,362,Southeast town
772,36,81.0,3608160323,60,2405464,896333,2405464,896333,847210,49123,Queens borough
789,36,85.0,3608570915,60,495747,183692,495747,183692,173202,10490,Staten Island borough
790,36,87.0,3608715968,60,86855,30629,86855,30629,29489,1140,Clarkstown town
791,36,87.0,3608732765,60,39087,13178,39087,13178,12646,532,Haverstraw town
792,36,87.0,3608755211,60,48655,18986,48655,18986,17945,1041,Orangetown town
793,36,87.0,3608760510,60,148919,39869,148919,39869,37722,2147,Ramapo town
794,36,87.0,3608771674,60,14813,5406,14813,5406,5146,260,Stony Point town
924,36,103.0,3610304000,60,218223,75270,218223,75270,71907,3363,Babylon town
925,36,103.0,3610310000,60,485773,178581,485773,178581,167187,11394,Brookhaven town
926,36,103.0,3610322194,60,28385,21163,28385,21163,11118,10045,East Hampton town
927,36,103.0,3610337000,60,204127,73073,204127,73073,70014,3059,Huntington town
928,36,103.0,3610338000,60,339938,111346,339938,111346,105002,6344,Islip town
929,36,103.0,3610359106,60,436,159,436,159,150,9,Poospatuck Reservation
930,36,103.0,3610361984,60,35902,16310,35902,16310,13879,2431,Riverhead town
931,36,103.0,3610366839,60,3253,2731,3253,2731,1481,1250,Shelter Island town
932,36,103.0,3610367059,60,819,349,819,349,300,49,Shinnecock Reservation
933,36,103.0,3610368000,60,116296,41415,116296,41415,40018,1397,Smithtown town
934,36,103.0,3610368473,60,69036,42770,69036,42770,25806,16964,Southampton town
935,36,103.0,3610369463,60,23732,15773,23732,15773,10010,5763,Southold town
936,36,105.0,3610506310,60,3959,3703,3959,3703,1766,1937,Bethel town
937,36,105.0,3610511759,60,2989,1852,2989,1852,1280,572,Callicoon town
938,36,105.0,3610516661,60,1448,1042,1448,1042,653,389,Cochecton town
939,36,105.0,3610520104,60,2203,1458,2203,1458,927,531,Delaware town
940,36,105.0,3610525241,60,14192,8830,14192,8830,4148,4682,Fallsburg town
941,36,105.0,3610526528,60,808,552,808,552,347,205,Forestburgh town
942,36,105.0,3610527573,60,1161,1197,1161,1197,537,660,Fremont town
943,36,105.0,3610534473,60,2196,1722,2196,1722,1004,718,Highland town
944,36,105.0,3610542235,60,10159,5450,10159,5450,3916,1534,Liberty town
945,36,105.0,3610543786,60,2243,1547,2243,1547,911,636,Lumberland town
946,36,105.0,3610544809,60,12655,6157,12655,6157,4731,1426,Mamakating town
947,36,105.0,3610549847,60,3366,2020,3366,2020,1411,609,Neversink town
948,36,105.0,3610563176,60,3290,2432,3290,2432,1420,1012,Rockland town
949,36,105.0,3610573627,60,16550,10023,16550,10023,6478,3545,Thompson town
950,36,105.0,3610575759,60,1405,1140,1405,1140,654,486,Tusten town
970,36,111.0,3611120247,60,493,501,493,501,219,282,Denning town
971,36,111.0,3611124691,60,9548,4089,9548,4089,3668,421,Esopus town
972,36,111.0,3611128255,60,5610,2672,5610,2672,2302,370,Gardiner town
973,36,111.0,3611132116,60,221,301,221,301,101,200,Hardenburgh town
974,36,111.0,3611137143,60,6178,3079,6178,3079,2718,361,Hurley town
975,36,111.0,3611139727,60,24069,11571,24069,11571,10407,1164,Kingston city
976,36,111.0,3611139738,60,933,477,933,477,422,55,Kingston town
977,36,111.0,3611142994,60,11133,4785,11133,4785,4438,347,Lloyd town
978,36,111.0,3611145458,60,5658,3080,5658,3080,2503,577,Marbletown town
979,36,111.0,3611145722,60,8712,3794,8712,3794,3426,368,Marlborough town
980,36,111.0,3611150562,60,14407,5358,14407,5358,4906,452,New Paltz town
981,36,111.0,3611154749,60,4226,2564,4226,2564,1923,641,Olive town
982,36,111.0,3611158552,60,10424,4412,10424,4412,4032,380,Plattekill town
983,36,111.0,3611163011,60,7272,4062,7272,4062,3046,1016,Rochester town
984,36,111.0,3611163737,60,5782,2931,5782,2931,2570,361,Rosendale town
985,36,111.0,3611165299,60,19038,9370,19038,9370,8300,1070,Saugerties town
986,36,111.0,3611166597,60,2866,2482,2866,2482,1419,1063,Shandaken town
987,36,111.0,3611166674,60,13563,4418,13563,4418,4053,365,Shawangunk town
988,36,111.0,3611175935,60,12660,5714,12660,5714,5229,485,Ulster town
989,36,111.0,3611178828,60,12771,5943,12771,5943,4504,1439,Wawarsing town
990,36,111.0,3611183052,60,6287,4250,6287,4250,3135,1115,Woodstock town
1036,36,119.0,3611905320,60,17309,6314,17309,6314,5758,556,Bedford town
1037,36,119.0,3611918410,60,42545,16229,42545,16229,15288,941,Cortlandt town
1038,36,119.0,3611921820,60,34641,14410,34641,14410,13595,815,Eastchester town
1039,36,119.0,3611930367,60,95397,37565,95397,37565,35776,1789,Greenburgh town
1040,36,119.0,3611932413,60,28218,9274,28218,9274,8747,527,Harrison town
1041,36,119.0,3611942136,60,12265,4867,12265,4867,4495,372,Lewisboro town
1042,36,119.0,3611944842,60,31758,11969,31758,11969,11423,546,Mamaroneck town
1043,36,119.0,3611948895,60,10959,4465,10959,4465,4271,194,Mount Kisco town
1044,36,119.0,3611949011,60,44436,15221,44436,15221,14595,626,Mount Pleasant town
1045,36,119.0,3611949121,60,73893,30350,73893,30350,28286,2064,Mount Vernon city
1046,36,119.0,3611950078,60,18311,6160,18311,6160,5918,242,New Castle town
1047,36,119.0,3611950617,60,79726,30531,79726,30531,28702,1829,New Rochelle city
1048,36,119.0,3611951693,60,12408,4310,12408,4310,4098,212,North Castle town
1049,36,119.0,3611953517,60,5243,2126,5243,2126,1887,239,North Salem town
1050,36,119.0,3611955541,60,40061,14975,40061,14975,14077,898,Ossining town
1051,36,119.0,3611956979,60,25431,10464,25431,10464,9813,651,Peekskill city
1052,36,119.0,3611957012,60,13078,4490,13078,4490,4323,167,Pelham town
1053,36,119.0,3611959685,60,5082,2076,5082,2076,1860,216,Pound Ridge town
1054,36,119.0,3611964309,60,16592,6038,16592,6038,5654,384,Rye city
1055,36,119.0,3611964320,60,49613,17678,49613,17678,16909,769,Rye town
1056,36,119.0,3611965442,60,18253,5747,18253,5747,5510,237,Scarsdale town
1057,36,119.0,3611968308,60,21541,9010,21541,9010,8457,553,Somers town
1058,36,119.0,3611981677,60,59559,25494,59559,25494,24162,1332,White Plains city
1059,36,119.0,3611984000,60,211569,85528,211569,85528,80548,4980,Yonkers city
1060,36,119.0,3611984077,60,36569,13672,36569,13672,13144,528,Yorktown town
23888,36,,3601011,160,5220,1857,5220,1857,1795,62,Albertson CDP
23899,36,,3601594,160,1824,1776,1824,1776,770,1006,Amagansett CDP
23902,36,,3602044,160,9500,4015,9500,4015,3846,169,Amityville village
23911,36,,3602374,160,2547,1164,2547,1164,969,195,Aquebogue CDP
23918,36,,3602737,160,592,296,592,296,231,65,Asharoken village
23920,36,,3602968,160,1707,1046,1707,1046,763,283,Atlantic Beach village
23928,36,,3603408,160,12188,4732,12188,4732,4544,188,Babylon village
23930,36,,3604055,160,2763,1656,2763,1656,1081,575,Baiting Hollow CDP
23931,36,,3604143,160,33919,11092,33919,11092,10702,390,Baldwin CDP
23939,36,,3604550,160,2590,1062,2590,1062,1026,36,Barnum Island CDP
23944,36,,3604803,160,991,425,991,425,394,31,Baxter Estates village
23945,36,,3604891,160,2117,888,2117,888,845,43,Bay Park CDP
23946,36,,3604913,160,8609,3506,8609,3506,3245,261,Bayport CDP
23947,36,,3604935,160,29244,10126,29244,10126,9667,459,Bay Shore CDP
23948,36,,3605034,160,6748,2691,6748,2691,2518,173,Bayville village
23949,36,,3605039,160,7726,2266,7726,2266,2210,56,Baywood CDP
23955,36,,3605639,160,1173,388,1173,388,384,4,Bellerose village
23956,36,,3605661,160,2329,692,2329,692,670,22,Bellerose Terrace CDP
23957,36,,3605672,160,808,312,808,312,287,25,Belle Terre village
23959,36,,3605738,160,16297,5776,16297,5776,5572,204,Bellmore CDP
23960,36,,3605771,160,2203,1170,2203,1170,938,232,Bellport village
23964,36,,3606387,160,16658,6072,16658,6072,5810,262,Bethpage CDP
23977,36,,3607069,160,5156,2132,5156,2132,2029,103,Blue Point CDP
23978,36,,3607157,160,9852,3720,9852,3720,3581,139,Bohemia CDP
23984,36,,3608026,160,62387,14127,62387,14127,13658,469,Brentwood CDP
23990,36,,3608136,160,2953,2632,2953,2632,1136,1496,Bridgehampton CDP
23995,36,,3608323,160,3181,1160,3181,1160,1135,25,Brightwaters village
24001,36,,3609000,160,3330,1177,3330,1177,1097,80,Brookhaven CDP
24003,36,,3610132,160,2939,661,2939,661,625,36,Brookville village
24018,36,,3611781,160,5934,3016,5934,3016,2779,237,Calverton CDP
24031,36,,3612402,160,48,35,48,35,25,10,Captree CDP
24032,36,,3612419,160,5005,1908,5005,1908,1825,83,Carle Place CDP
24046,36,,3613233,160,7374,2413,7374,2413,2265,148,Cedarhurst village
24049,36,,3613376,160,30980,10405,30980,10405,10008,397,Centereach CDP
24050,36,,3613420,160,8046,2960,8046,2960,2770,190,Center Moriches CDP
24051,36,,3613442,160,5822,2272,5822,2272,2171,101,Centerport CDP
24053,36,,3613552,160,36714,10344,36714,10344,9870,474,Central Islip CDP
24055,36,,3613618,160,407,229,407,229,160,69,Centre Island village
24093,36,,3616958,160,3064,1020,3064,1020,975,45,Cold Spring Harbor CDP
24096,36,,3617530,160,36536,12312,36536,12312,12009,303,Commack CDP
24108,36,,3618146,160,23429,8024,23429,8024,7684,340,Copiague CDP
24109,36,,3618157,160,40220,16060,40220,16060,15234,826,Coram CDP
24117,36,,3618597,160,293,138,293,138,125,13,Cove Neck village
24131,36,,3619466,160,3437,2121,3437,2121,1400,721,Cutchogue CDP
24138,36,,3619972,160,28837,9839,28837,9839,9510,329,Deer Park CDP
24147,36,,3620379,160,50,34,50,34,17,17,Dering Harbor village
24151,36,,3620687,160,26180,8315,26180,8315,8016,299,Dix Hills CDP
24165,36,,3621578,160,2101,994,2101,994,860,134,East Atlantic Beach CDP
24170,36,,3621985,160,6617,2275,6617,2275,2177,98,East Farmingdale CDP
24174,36,,3622183,160,1517,1774,1517,1774,668,1106,East Hampton village
24175,36,,3622200,160,5377,2856,5377,2856,1889,967,East Hampton North CDP
24177,36,,3622260,160,7284,2294,7284,2294,2218,76,East Hills village
24178,36,,3622315,160,13931,4918,13931,4918,4769,149,East Islip CDP
24181,36,,3622447,160,1048,946,1048,946,494,452,East Marion CDP
24182,36,,3622480,160,19854,7112,19854,7112,6884,228,East Massapequa CDP
24183,36,,3622502,160,37796,12951,37796,12951,12361,590,East Meadow CDP
24184,36,,3622546,160,5946,2349,5946,2349,2120,229,East Moriches CDP
24186,36,,3622612,160,20048,7246,20048,7246,6996,250,East Northport CDP
24187,36,,3622623,160,2792,998,2792,998,968,30,East Norwich CDP
24188,36,,3622733,160,21580,8612,21580,8612,8221,391,East Patchogue CDP
24189,36,,3622810,160,2219,1015,2219,1015,907,108,Eastport CDP
24190,36,,3622832,160,5557,3104,5557,3104,2152,952,East Quogue CDP
24193,36,,3622876,160,10159,4000,10159,4000,3814,186,East Rockaway village
24194,36,,3622964,160,10998,4038,10998,4038,3891,147,East Setauket CDP
24195,36,,3622980,160,6841,2248,6841,2248,2181,67,East Shoreham CDP
24197,36,,3623217,160,2645,864,2645,864,828,36,East Williston village
24199,36,,3623316,160,1334,570,1334,570,507,63,Eatons Neck CDP
24214,36,,3624273,160,35265,10270,35265,10270,9896,374,Elmont CDP
24216,36,,3624405,160,11426,3846,11426,3846,3730,116,Elwood CDP
24230,36,,3625384,160,8466,3868,8466,3868,3627,241,Farmingdale village
24231,36,,3625417,160,14983,4845,14983,4845,4706,139,Farmingville CDP
24236,36,,3625839,160,777,3357,777,3357,393,2964,Fire Island CDP
24238,36,,3625923,160,424,609,424,609,180,429,Fishers Island CDP
24241,36,,3626121,160,5098,1714,5098,1714,1492,222,Flanders CDP
24243,36,,3626264,160,16172,5961,16172,5961,5746,215,Floral Park village
24245,36,,3626352,160,4794,1529,4794,1529,1473,56,Flower Hill village
24257,36,,3626946,160,9652,3430,9652,3430,3299,131,Fort Salonga CDP
24261,36,,3627309,160,30903,10231,30903,10231,9903,328,Franklin Square CDP
24265,36,,3627485,160,44472,14137,44472,14137,13501,636,Freeport village
24276,36,,3628178,160,23272,7715,23272,7715,7513,202,Garden City village
24277,36,,3628189,160,7985,2592,7985,2592,2499,93,Garden City Park CDP
24278,36,,3628200,160,4119,1454,4119,1454,1401,53,Garden City South CDP
24289,36,,3628990,160,185,137,185,137,86,51,Gilgo CDP
24292,36,,3629113,160,28365,10793,28365,10793,10099,694,Glen Cove city
24293,36,,3629245,160,4837,1787,4837,1787,1718,69,Glen Head CDP
24297,36,,3629421,160,3948,1422,3948,1422,1375,47,Glenwood Landing CDP
24300,36,,3629509,160,3981,1131,3981,1131,1059,72,Gordon Heights CDP
24310,36,,3630169,160,11145,3883,11145,3883,3620,263,Great Neck village
24311,36,,3630191,160,2990,937,2990,937,879,58,Great Neck Estates village
24312,36,,3630202,160,1268,397,1268,397,380,17,Great Neck Gardens CDP
24313,36,,3630213,160,7482,3954,7482,3954,3702,252,Great Neck Plaza village
24314,36,,3630235,160,2005,842,2005,842,798,44,Great River CDP
24318,36,,3630543,160,13661,4669,13661,4669,4524,145,Greenlawn CDP
24319,36,,3630576,160,2583,1277,2583,1277,950,327,Greenport village
24320,36,,3630581,160,2282,1658,2282,1658,1056,602,Greenport West CDP
24321,36,,3630598,160,1069,373,1069,373,344,29,Greenvale CDP
24334,36,,3631445,160,2527,1099,2527,1099,1034,65,Halesite CDP
24342,36,,3631896,160,15228,7879,15228,7879,5669,2210,Hampton Bays CDP
24348,36,,3632094,160,562,188,562,188,177,11,Harbor Hills CDP
24349,36,,3632105,160,1436,497,1436,497,473,24,Harbor Isle CDP
24357,36,,3632732,160,20083,7384,20083,7384,7180,204,Hauppauge CDP
24361,36,,3632963,160,1520,537,1520,537,475,62,Head of the Harbor village
24363,36,,3633139,160,59169,16954,59169,16954,16299,655,Hempstead village
24368,36,,3634198,160,4398,1380,4398,1380,1330,50,Herricks CDP
24371,36,,3634286,160,7262,2698,7262,2698,2532,166,Hewlett CDP
24372,36,,3634297,160,494,144,494,144,140,4,Hewlett Bay Park village
24373,36,,3634308,160,1290,442,1290,442,418,24,Hewlett Harbor village
24374,36,,3634319,160,569,161,569,161,149,12,Hewlett Neck village
24375,36,,3634374,160,43869,13889,43869,13889,13477,412,Hicksville CDP
24386,36,,3635056,160,26487,9714,26487,9714,9439,275,Holbrook CDP
24390,36,,3635254,160,18937,6646,18937,6646,6448,198,Holtsville CDP
24405,36,,3636233,160,19645,8341,19645,8341,7920,421,Huntington CDP
24406,36,,3637022,160,1446,593,1446,593,552,41,Huntington Bay village
24407,36,,3637044,160,34878,10943,34878,10943,10517,426,Huntington Station CDP
24413,36,,3637583,160,11340,3355,11340,3355,3180,175,Inwood CDP
24416,36,,3637840,160,3567,1087,3567,1087,1044,43,Islandia village
24417,36,,3637847,160,4928,1851,4928,1851,1725,126,Island Park village
24418,36,,3637869,160,18418,6605,18418,6605,6407,198,Islip CDP
24419,36,,3638022,160,5323,1774,5323,1774,1698,76,Islip Terrace CDP
24422,36,,3638253,160,1609,1126,1609,1126,689,437,Jamesport CDP
24429,36,,3638539,160,14808,4818,14808,4818,4597,221,Jericho CDP
24439,36,,3639309,160,1226,457,1226,457,430,27,Kensington village
24444,36,,3639672,160,17085,6564,17085,6564,6311,253,Kings Park CDP
24445,36,,3639694,160,5619,1416,5619,1416,1293,123,Kings Point village
24456,36,,3640530,160,11072,4078,11072,4078,3910,168,Lake Grove village
24463,36,,3640838,160,18619,7223,18619,7223,6645,578,Lake Ronkonkoma CDP
24464,36,,3640937,160,2828,858,2828,858,820,38,Lake Success village
24465,36,,3641003,160,6077,1625,6077,1625,1567,58,Lakeview CDP
24472,36,,3641432,160,1881,708,1881,708,614,94,Lattingtown village
24473,36,,3641465,160,1495,800,1495,800,550,250,Laurel CDP
24474,36,,3641487,160,1940,630,1940,630,594,36,Laurel Hollow village
24476,36,,3641553,160,6809,2432,6809,2432,2185,247,Lawrence village
24480,36,,3642081,160,51758,17123,51758,17123,16634,489,Levittown CDP
24483,36,,3642279,160,2719,1302,2719,1302,1161,141,Lido Beach CDP
24489,36,,3642554,160,27148,9712,27148,9712,9260,452,Lindenhurst village
24498,36,,3643005,160,3571,1246,3571,1246,1150,96,Lloyd Harbor village
24501,36,,3643192,160,3571,1339,3571,1339,1268,71,Locust Valley CDP
24503,36,,3643335,160,35029,16771,35029,16771,15360,1411,Long Beach city
24509,36,,3643874,160,20438,7798,20438,7798,7459,339,Lynbrook village
24525,36,,3644787,160,8560,3159,8560,3159,3068,91,Malverne village
24526,36,,3644792,160,538,194,538,194,186,8,Malverne Park Oaks CDP
24529,36,,3644897,160,8176,2947,8176,2947,2790,157,Manhasset CDP
24530,36,,3644908,160,3649,1154,3649,1154,1119,35,Manhasset Hills CDP
24533,36,,3645106,160,6956,2699,6956,2699,2534,165,Manorhaven village
24534,36,,3645139,160,14317,5364,14317,5364,5159,205,Manorville CDP
24543,36,,3645986,160,21355,7375,21355,7375,7152,223,Massapequa CDP
24544,36,,3645997,160,17109,5913,17109,5913,5759,154,Massapequa Park village
24546,36,,3646074,160,15404,4792,15404,4792,4557,235,Mastic CDP
24547,36,,3646085,160,14199,5198,14199,5198,4677,521,Mastic Beach CDP
24548,36,,3646107,160,847,323,847,323,284,39,Matinecock village
24549,36,,3646140,160,4322,2527,4322,2527,1805,722,Mattituck CDP
24556,36,,3646404,160,24247,8416,24247,8416,8095,321,Medford CDP
24559,36,,3646514,160,19284,7777,19284,7777,7368,409,Melville CDP
24562,36,,3646668,160,22040,7672,22040,7672,7436,236,Merrick CDP
24566,36,,3646976,160,10546,4588,10546,4588,4375,213,Middle Island CDP
24572,36,,3647306,160,11723,4157,11723,4157,4001,156,Miller Place CDP
24574,36,,3647405,160,1054,414,1054,414,349,65,Mill Neck village
24579,36,,3647636,160,20800,8776,20800,8776,8311,465,Mineola village
24587,36,,3648054,160,4318,4487,4318,4487,1804,2683,Montauk CDP
24595,36,,3648450,160,3026,1460,3026,1460,1361,99,Moriches CDP
24605,36,,3649066,160,11623,4339,11623,4339,4131,208,Mount Sinai CDP
24609,36,,3649231,160,2809,842,2809,842,821,21,Munsey Park village
24611,36,,3649330,160,3512,1141,3512,1141,1057,84,Muttontown village
24615,36,,3649424,160,368,480,368,480,179,301,Napeague CDP
24625,36,,3649825,160,13207,4707,13207,4707,4560,147,Nesconset CDP
24631,36,,3650067,160,14199,3402,14199,3402,3185,217,New Cassel CDP
24639,36,,3650397,160,10257,3376,10257,3376,3260,116,New Hyde Park village
24644,36,,3650727,160,403,316,403,316,187,129,New Suffolk CDP
24652,36,,3651286,160,1564,625,1564,625,578,47,Nissequogue village
24655,36,,3651396,160,18643,5628,18643,5628,5304,324,North Amityville CDP
24656,36,,3651418,160,763,246,763,246,227,19,Northampton CDP
24657,36,,3651440,160,17927,6430,17927,6430,6229,201,North Babylon CDP
24660,36,,3651495,160,19619,4742,19619,4742,4579,163,North Bay Shore CDP
24661,36,,3651517,160,20583,6866,20583,6866,6723,143,North Bellmore CDP
24662,36,,3651528,160,11900,3670,11900,3670,3484,186,North Bellport CDP
24670,36,,3652078,160,4266,1535,4266,1535,1505,30,North Great River CDP
24671,36,,3652188,160,1162,732,1162,732,464,268,North Haven village
24672,36,,3653022,160,5464,2500,5464,2500,2290,210,North Hills village
24674,36,,3653198,160,12000,4016,12000,4016,3861,155,North Lindenhurst CDP
24675,36,,3653231,160,747,234,747,234,233,1,North Lynbrook CDP
24676,36,,3653253,160,17829,6103,17829,6103,5963,140,North Massapequa CDP
24677,36,,3653264,160,12238,4137,12238,4137,4023,114,North Merrick CDP
24678,36,,3653275,160,15657,5024,15657,5024,4887,137,North New Hyde Park CDP
24679,36,,3653319,160,6751,2421,6751,2421,2314,107,North Patchogue CDP
24680,36,,3653396,160,7347,3128,7347,3128,2983,145,Northport village
24682,36,,3653561,160,5461,3587,5461,3587,2158,1429,North Sea CDP
24685,36,,3653748,160,18197,5638,18197,5638,5447,191,North Valley Stream CDP
24687,36,,3653775,160,1566,813,1566,813,620,193,Northville CDP
24688,36,,3653792,160,11931,4282,11931,4282,4174,108,North Wantagh CDP
24689,36,,3653852,160,4637,3512,4637,3512,1912,1600,Northwest Harbor CDP
24693,36,,3654056,160,4325,2832,4325,2832,1797,1035,Noyack CDP
24696,36,,3654111,160,268,233,268,233,113,120,Oak Beach CDP
24697,36,,3654144,160,7430,3240,7430,3240,3109,131,Oakdale CDP
24699,36,,3654430,160,153,591,153,591,76,515,Ocean Beach village
24700,36,,3654441,160,32637,11552,32637,11552,11212,340,Oceanside CDP
24704,36,,3654551,160,6403,2836,6403,2836,2390,446,Old Bethpage CDP
24705,36,,3654562,160,2020,718,2020,718,692,26,Old Brookville village
24706,36,,3654617,160,893,365,893,365,334,31,Old Field village
24708,36,,3654705,160,4289,1209,4289,1209,1080,129,Old Westbury village
24717,36,,3655321,160,999,800,999,800,470,330,Orient CDP
24729,36,,3655992,160,7049,2964,7049,2964,2831,133,Oyster Bay CDP
24730,36,,3656011,160,2265,759,2265,759,695,64,Oyster Bay Cove village
24740,36,,3656660,160,12408,5776,12408,5776,5456,320,Patchogue village
24746,36,,3656968,160,692,495,692,495,300,195,Peconic CDP
24768,36,,3658409,160,9517,2941,9517,2941,2863,78,Plainedge CDP
24769,36,,3658442,160,27100,9207,27100,9207,8861,346,Plainview CDP
24770,36,,3658475,160,1448,445,1448,445,411,34,Plandome village
24771,36,,3658486,160,1009,333,1009,333,327,6,Plandome Heights village
24772,36,,3658497,160,793,272,793,272,252,20,Plandome Manor village
24780,36,,3658849,160,1527,855,1527,855,668,187,Point Lookout CDP
24783,36,,3659157,160,903,374,903,374,364,10,Poquott village
24790,36,,3659355,160,7962,3471,7962,3471,3291,180,Port Jefferson village
24791,36,,3659377,160,7950,2985,7950,2985,2859,126,Port Jefferson Station CDP
24796,36,,3659520,160,16753,6269,16753,6269,5925,344,Port Washington CDP
24797,36,,3659531,160,3160,1377,3160,1377,1324,53,Port Washington North village
24808,36,,3660408,160,1013,625,1013,625,364,261,Quiogue CDP
24809,36,,3660422,160,1662,1613,1662,1613,688,925,Quogue village
24821,36,,3661142,160,3110,1644,3110,1644,1200,444,Remsenburg-Speonk CDP
24831,36,,3661665,160,13271,6336,13271,6336,5877,459,Ridge CDP
24834,36,,3661973,160,14993,5763,14993,5763,5365,398,Riverhead CDP
24836,36,,3662066,160,2882,910,2882,910,838,72,Riverside CDP
24840,36,,3663264,160,26016,9991,26016,9991,9669,322,Rockville Centre village
24841,36,,3663319,160,13633,5285,13633,5285,4826,459,Rocky Point CDP
24846,36,,3663473,160,18955,6701,18955,6701,6496,205,Ronkonkoma CDP
24847,36,,3663506,160,18066,4441,18066,4441,4242,199,Roosevelt CDP
24850,36,,3663770,160,2988,1441,2988,1441,1309,132,Roslyn village
24851,36,,3663792,160,1318,407,1318,407,391,16,Roslyn Estates village
24852,36,,3663803,160,1067,379,1067,379,330,49,Roslyn Harbor village
24853,36,,3663814,160,6747,2218,6747,2218,2108,110,Roslyn Heights CDP
24861,36,,3664232,160,978,339,978,339,314,25,Russell Gardens village
24865,36,,3664430,160,989,293,989,293,281,12,Saddle Rock village
24866,36,,3664441,160,428,139,428,139,130,9,Saddle Rock Estates CDP
24867,36,,3664452,160,770,718,770,718,305,413,Sagaponack village
24868,36,,3664485,160,2772,2013,2772,2013,1202,811,Sag Harbor village
24870,36,,3664584,160,13487,4921,13487,4921,4729,192,St. James CDP
24876,36,,3664842,160,12618,4106,12618,4106,3989,117,Salisbury CDP
24879,36,,3664881,160,113,432,113,432,31,401,Saltaire village
24883,36,,3665035,160,2712,947,2712,947,878,69,Sands Point village
24891,36,,3665409,160,16569,6228,16569,6228,5935,293,Sayville CDP
24906,36,,3666047,160,5062,2086,5062,2086,1954,132,Sea Cliff village
24907,36,,3666058,160,15251,5475,15251,5475,5293,182,Seaford CDP
24908,36,,3666102,160,5044,1607,5044,1607,1556,51,Searingtown CDP
24909,36,,3666212,160,21262,7167,21262,7167,6838,329,Selden CDP
24912,36,,3666465,160,3986,1531,3986,1531,1413,118,Setauket CDP
24914,36,,3666828,160,1602,1145,1602,1145,703,442,Shelter Island CDP
24915,36,,3666850,160,1601,1552,1601,1552,761,791,Shelter Island Heights CDP
24920,36,,3667048,160,2282,1537,2282,1537,845,692,Shinnecock Hills CDP
24921,36,,3667070,160,26360,8782,26360,8782,8262,520,Shirley CDP
24923,36,,3667191,160,561,232,561,232,188,44,Shoreham village
24939,36,,3667851,160,25629,8800,25629,8800,8495,305,Smithtown CDP
24945,36,,3668374,160,7416,2943,7416,2943,2728,215,Sound Beach CDP
24946,36,,3668462,160,4550,3438,4550,3438,1701,1737,Southampton village
24953,36,,3669001,160,14345,4902,14345,4902,4765,137,South Farmingdale CDP
24954,36,,3669023,160,1741,534,1741,534,507,27,South Floral Park village
24956,36,,3669188,160,3406,1074,3406,1074,1029,45,South Hempstead CDP
24958,36,,3669254,160,9561,3418,9561,3418,3290,128,South Huntington CDP
24964,36,,3669452,160,6040,4222,6040,4222,2617,1605,Southold CDP
24966,36,,3669892,160,6386,2063,6386,2063,1995,68,South Valley Stream CDP
24974,36,,3670387,160,8086,4482,8086,4482,2973,1509,Springs CDP
24982,36,,3671267,160,1992,709,1992,709,691,18,Stewart Manor village
24986,36,,3671608,160,13467,5033,13467,5033,4831,202,Stony Brook CDP
24987,36,,3671620,160,10409,115,10409,115,72,43,Stony Brook University CDP
24996,36,,3672554,160,19259,6293,19259,6293,6033,260,Syosset CDP
25002,36,,3673352,160,11472,4006,11472,4006,3853,153,Terryville CDP
25006,36,,3673605,160,2759,1024,2759,1024,984,40,Thomaston village
25021,36,,3675572,160,1505,995,1505,995,628,367,Tuckahoe CDP
25030,36,,3676089,160,32473,8255,32473,8255,7850,405,Uniondale CDP
25034,36,,3676287,160,4358,1706,4358,1706,1642,64,University Gardens CDP
25035,36,,3676331,160,1786,612,1786,612,557,55,Upper Brookville village
25044,36,,3676705,160,40634,12925,40634,12925,12494,431,Valley Stream village
25054,36,,3677519,160,1735,573,1735,573,563,10,Village of the Branch village
25059,36,,3677772,160,7731,3223,7731,3223,2789,434,Wading River CDP
25061,36,,3677805,160,904,916,904,916,386,530,Wainscott CDP
25070,36,,3678146,160,18613,6228,18613,6228,6062,166,Wantagh CDP
25082,36,,3678575,160,2506,2125,2506,2125,958,1167,Water Mill CDP
25097,36,,3679246,160,43213,15139,43213,15139,14523,616,West Babylon CDP
25098,36,,3679301,160,4625,1809,4625,1809,1742,67,West Bay Shore CDP
25099,36,,3679444,160,15864,5265,15864,5265,5083,182,Westbury village
25109,36,,3680170,160,3621,2206,3621,2206,1291,915,Westhampton CDP
25110,36,,3680181,160,2150,2455,2150,2455,858,1597,Westhampton Beach village
25111,36,,3680186,160,126,271,126,271,28,243,West Hampton Dunes village
25113,36,,3680225,160,19835,6315,19835,6315,6093,222,West Hempstead CDP
25114,36,,3680258,160,5385,2024,5385,2024,1968,56,West Hills CDP
25116,36,,3680302,160,27048,9021,27048,9021,8763,258,West Islip CDP
25125,36,,3680885,160,4872,2109,4872,2109,1765,344,West Sayville CDP
25130,36,,3681419,160,5140,1493,5140,1493,1442,51,Wheatley Heights CDP
25139,36,,3682117,160,7591,2787,7591,2787,2691,96,Williston Park village
25151,36,,3682744,160,9335,3402,9335,3402,3155,247,Woodbury CDP
25153,36,,3682942,160,18669,5485,18669,5485,5199,286,Woodmere CDP
25155,36,,3682986,160,897,306,897,306,293,13,Woodsburgh village
25161,36,,3683294,160,12990,3548,12990,3548,3290,258,Wyandanch CDP
25164,36,,3683426,160,5974,2480,5974,2480,2280,200,Yaphank CDP
46,34,3.0,3400300700,60,6848,2450,6848,2450,2327,123,Allendale borough
47,34,3.0,3400301090,60,1762,676,1762,676,587,89,Alpine borough
48,34,3.0,3400305170,60,28321,9387,28321,9387,9097,290,Bergenfield borough
49,34,3.0,3400306490,60,8778,3026,8778,3026,2939,87,Bogota borough
50,34,3.0,3400310480,60,6372,2563,6372,2563,2429,134,Carlstadt borough
51,34,3.0,3400313570,60,25693,11435,25693,11435,10735,700,Cliffside Park borough
52,34,3.0,3400313810,60,8594,2891,8594,2891,2762,129,Closter borough
53,34,3.0,3400315820,60,9155,3157,9155,3157,3015,142,Cresskill borough
54,34,3.0,3400317530,60,4981,1680,4981,1680,1598,82,Demarest borough
55,34,3.0,3400318400,60,17863,6572,17863,6572,6408,164,Dumont borough
56,34,3.0,3400319510,60,10022,4585,10022,4585,4306,279,East Rutherford borough
57,34,3.0,3400320020,60,14336,7315,14336,7315,6742,573,Edgewater borough
58,34,3.0,3400321300,60,21422,7949,21422,7949,7652,297,Elmwood Park borough
59,34,3.0,3400321450,60,7290,2600,7290,2600,2482,118,Emerson borough
60,34,3.0,3400321480,60,29308,11563,29308,11563,10909,654,Englewood city
61,34,3.0,3400321510,60,5342,1961,5342,1961,1846,115,Englewood Cliffs borough
62,34,3.0,3400322470,60,34927,12649,34927,12649,12243,406,Fair Lawn borough
63,34,3.0,3400322560,60,15025,5291,15025,5291,5021,270,Fairview borough
64,34,3.0,3400324420,60,40191,19861,40191,19861,18451,1410,Fort Lee borough
65,34,3.0,3400324990,60,11079,4051,11079,4051,3722,329,Franklin Lakes borough
66,34,3.0,3400325770,60,32655,12407,32655,12407,11773,634,Garfield city
67,34,3.0,3400326640,60,12133,4041,12133,4041,3934,107,Glen Rock borough
68,34,3.0,3400328680,60,46030,20290,46030,20290,19132,1158,Hackensack city
69,34,3.0,3400330150,60,4741,1643,4741,1643,1594,49,Harrington Park borough
70,34,3.0,3400330420,60,12125,4715,12125,4715,4535,180,Hasbrouck Heights borough
71,34,3.0,3400330540,60,3343,1148,3343,1148,1104,44,Haworth borough
72,34,3.0,3400331920,60,10143,3635,10143,3635,3502,133,Hillsdale borough
73,34,3.0,3400332310,60,4258,1473,4258,1473,1416,57,Ho-Ho-Kus borough
74,34,3.0,3400340020,60,9304,3476,9304,3476,3359,117,Leonia borough
75,34,3.0,3400340680,60,10987,4527,10987,4527,4351,176,Little Ferry borough
76,34,3.0,3400341100,60,26206,10414,26206,10414,9971,443,Lodi borough
77,34,3.0,3400342090,60,22519,9516,22519,9516,9069,447,Lyndhurst township
78,34,3.0,3400342750,60,25487,10109,25487,10109,9727,382,Mahwah township
79,34,3.0,3400344880,60,10080,3829,10080,3829,3717,112,Maywood borough
80,34,3.0,3400346110,60,7014,2887,7014,2887,2750,137,Midland Park borough
81,34,3.0,3400347610,60,8436,3115,8436,3115,3016,99,Montvale borough
82,34,3.0,3400347700,60,3133,1149,3133,1149,1120,29,Moonachie borough
83,34,3.0,3400351660,60,16923,6432,16923,6432,6276,156,New Milford borough
84,34,3.0,3400352320,60,16457,6749,16457,6749,6525,224,North Arlington borough
85,34,3.0,3400353430,60,4761,1700,4761,1700,1641,59,Northvale borough
86,34,3.0,3400353610,60,5641,2032,5641,2032,1943,89,Norwood borough
87,34,3.0,3400353850,60,12748,4561,12748,4561,4356,205,Oakland borough
88,34,3.0,3400354870,60,5888,2083,5888,2083,1982,101,Old Tappan borough
89,34,3.0,3400354990,60,8244,2850,8244,2850,2782,68,Oradell borough
90,34,3.0,3400355770,60,20292,7668,20292,7668,7314,354,Palisades Park borough
91,34,3.0,3400355950,60,26698,8786,26698,8786,8448,338,Paramus borough
92,34,3.0,3400356130,60,8883,3435,8883,3435,3310,125,Park Ridge borough
93,34,3.0,3400361680,60,14798,5670,14798,5670,5488,182,Ramsey borough
94,34,3.0,3400362910,60,11501,4237,11501,4237,4050,187,Ridgefield borough
95,34,3.0,3400362940,60,13224,5269,13224,5269,4986,283,Ridgefield Park village
96,34,3.0,3400363000,60,25979,8814,25979,8814,8490,324,Ridgewood village
97,34,3.0,3400363360,60,12049,4337,12049,4337,4191,146,River Edge borough
98,34,3.0,3400363690,60,9909,3644,9909,3644,3536,108,River Vale township
99,34,3.0,3400363990,60,5814,2227,5814,2227,2151,76,Rochelle Park township
100,34,3.0,3400364170,60,407,81,407,81,69,12,Rockleigh borough
101,34,3.0,3400365280,60,18834,7370,18834,7370,7061,309,Rutherford borough
102,34,3.0,3400365340,60,14294,5618,14294,5618,5378,240,Saddle Brook township
103,34,3.0,3400365400,60,3372,1458,3372,1458,1246,212,Saddle River borough
104,34,3.0,3400368970,60,2701,950,2701,950,922,28,South Hackensack township
105,34,3.0,3400372360,60,41246,14430,41246,14430,13784,646,Teaneck township
106,34,3.0,3400372420,60,15409,5184,15409,5184,4913,271,Tenafly borough
107,34,3.0,3400372480,60,61,26,61,26,25,1,Teterboro borough
108,34,3.0,3400375140,60,8353,2785,8353,2785,2658,127,Upper Saddle River borough
109,34,3.0,3400376400,60,10058,3691,10058,3691,3577,114,Waldwick borough
110,34,3.0,3400376490,60,11868,5108,11868,5108,4825,283,Wallington borough
111,34,3.0,3400377135,60,9285,3375,9285,3375,3278,97,Washington township
112,34,3.0,3400380270,60,11282,4716,11282,4716,4515,201,Westwood borough
113,34,3.0,3400382300,60,6128,2235,6128,2235,2114,121,Woodcliff Lake borough
114,34,3.0,3400382570,60,10137,4057,10137,4057,3920,137,Wood-Ridge borough
115,34,3.0,3400383050,60,16585,5769,16585,5769,5569,200,Wyckoff township
225,34,13.0,3401304695,60,38222,14970,38222,14970,14282,688,Belleville township
226,34,13.0,3401306260,60,53105,21714,53105,21714,20810,904,Bloomfield township
227,34,13.0,3401309250,60,9027,3669,9027,3669,3538,131,Caldwell borough
228,34,13.0,3401311200,60,12980,5042,12980,5042,4754,288,Cedar Grove township
229,34,13.0,3401313045,60,34447,13590,34447,13590,12788,802,City of Orange township
230,34,13.0,3401319390,60,69612,30357,69612,30357,27410,2947,East Orange city
231,34,13.0,3401321840,60,2244,806,2244,806,750,56,Essex Fells borough
232,34,13.0,3401322385,60,7872,2826,7872,2826,2747,79,Fairfield township
233,34,13.0,3401326610,60,7802,2592,7802,2592,2529,63,Glen Ridge borough
234,34,13.0,3401334450,60,61176,24984,61176,24984,22638,2346,Irvington township
235,34,13.0,3401340890,60,31330,10719,31330,10719,10337,382,Livingston township
236,34,13.0,3401343800,60,25684,9269,25684,9269,8866,403,Maplewood township
237,34,13.0,3401346380,60,21710,7241,21710,7241,6908,333,Millburn township
238,34,13.0,3401347500,60,40921,16304,40921,16304,15555,749,Montclair township
239,34,13.0,3401351000,60,311549,118163,311549,118163,108789,9374,Newark city
240,34,13.0,3401352620,60,6694,2364,6694,2364,2258,106,North Caldwell borough
241,34,13.0,3401353680,60,30143,12340,30143,12340,11887,453,Nutley township
242,34,13.0,3401364590,60,6299,2607,6299,2607,2523,84,Roseland borough
243,34,13.0,3401369274,60,18484,6306,18484,6306,5940,366,South Orange Village township
244,34,13.0,3401375815,60,14572,6150,14572,6150,5862,288,Verona township
245,34,13.0,3401378510,60,11012,4137,11012,4137,4004,133,West Caldwell township
246,34,13.0,3401379800,60,48843,18746,48843,18746,17738,1008,West Orange township
271,34,17.0,3401703580,60,71686,29727,71686,29727,27867,1860,Bayonne city
272,34,17.0,3401719360,60,2594,920,2594,920,889,31,East Newark borough
273,34,17.0,3401728650,60,12017,5142,12017,5142,4920,222,Guttenberg town
274,34,17.0,3401730210,60,19450,8594,19450,8594,8111,483,Harrison town
275,34,17.0,3401732250,60,60419,30202,60419,30202,28175,2027,Hoboken city
276,34,17.0,3401736000,60,292449,130992,292449,130992,119517,11475,Jersey City city
277,34,17.0,3401736510,60,41999,15392,41999,15392,14639,753,Kearny town
278,34,17.0,3401752470,60,63361,25079,63361,25079,23426,1653,North Bergen township
279,34,17.0,3401766570,60,22181,9316,22181,9316,8840,476,Secaucus town
280,34,17.0,3401774630,60,68589,26455,68589,26455,24511,1944,Union City city
281,34,17.0,3401777930,60,17197,9089,17197,9089,7969,1120,Weehawken township
282,34,17.0,3401779610,60,52912,21798,52912,21798,20544,1254,West New York town
283,34,19.0,3401900550,60,4809,1857,4809,1857,1751,106,Alexandria township
284,34,19.0,3401905650,60,3745,1406,3745,1406,1347,59,Bethlehem township
285,34,19.0,3401906370,60,792,371,792,371,340,31,Bloomsbury borough
286,34,19.0,3401909280,60,1005,429,1005,429,404,25,Califon borough
287,34,19.0,3401913720,60,2773,1157,2773,1157,1114,43,Clinton town
288,34,19.0,3401913750,60,13505,4888,13505,4888,4658,230,Clinton township
289,34,19.0,3401917170,60,4560,1952,4560,1952,1795,157,Delaware township
290,34,19.0,3401918820,60,3917,1628,3917,1628,1548,80,East Amwell township
291,34,19.0,3401923700,60,4876,1974,4876,1974,1853,121,Flemington borough
292,34,19.0,3401924870,60,3267,1257,3267,1257,1172,85,Franklin township
293,34,19.0,3401925350,60,1370,677,1370,677,629,48,Frenchtown borough
294,34,19.0,3401926550,60,1682,835,1682,835,785,50,Glen Gardner borough
295,34,19.0,3401929460,60,1438,650,1438,650,612,38,Hampton borough
296,34,19.0,3401931320,60,3546,1517,3546,1517,1424,93,High Bridge borough
297,34,19.0,3401932460,60,5177,2099,5177,2099,2001,98,Holland township
298,34,19.0,3401937065,60,3802,1606,3802,1606,1476,130,Kingwood township
299,34,19.0,3401938610,60,4139,2265,4139,2265,2093,172,Lambertville city
300,34,19.0,3401939630,60,1665,828,1665,828,795,33,Lebanon borough
301,34,19.0,3401939660,60,6195,2505,6195,2505,2368,137,Lebanon township
302,34,19.0,3401946260,60,1232,556,1232,556,524,32,Milford borough
303,34,19.0,3401961920,60,23447,8911,23447,8911,8613,298,Raritan township
304,34,19.0,3401962250,60,16128,6552,16128,6552,6271,281,Readington township
305,34,19.0,3401970980,60,495,255,495,255,233,22,Stockton borough
306,34,19.0,3401972510,60,5870,2386,5870,2386,2185,201,Tewksbury township
307,34,19.0,3401974420,60,6507,1917,6507,1917,1840,77,Union township
308,34,19.0,3401978230,60,3005,1209,3005,1209,1147,62,West Amwell township
309,34,21.0,3402119780,60,30045,11690,30045,11690,11158,532,East Windsor township
310,34,21.0,3402122185,60,37264,15637,37264,15637,13889,1748,Ewing township
311,34,21.0,3402129310,60,92297,37716,92297,37716,36125,1591,Hamilton township
312,34,21.0,3402131620,60,5900,2216,5900,2216,2097,119,Hightstown borough
313,34,21.0,3402133150,60,1918,828,1918,828,787,41,Hopewell borough
314,34,21.0,3402133180,60,17491,6748,17491,6748,6367,381,Hopewell township
315,34,21.0,3402139510,60,33077,13268,33077,13268,12550,718,Lawrence township
316,34,21.0,3402157600,60,2802,1088,2802,1088,1028,60,Pennington borough
317,34,21.0,3402160900,60,30681,10380,30681,10380,9373,1007,Princeton
318,34,21.0,3402163850,60,15476,5687,15476,5687,5479,208,Robbinsville township
319,34,21.0,3402174000,60,90871,34322,90871,34322,30139,4183,Trenton city
320,34,21.0,3402180240,60,29518,10862,29518,10862,10369,493,West Windsor township
321,34,23.0,3402310750,60,25326,8809,25326,8809,8387,422,Carteret borough
322,34,23.0,3402315550,60,3842,1388,3842,1388,1323,65,Cranbury township
323,34,23.0,3402318490,60,7637,2727,7637,2727,2620,107,Dunellen borough
324,34,23.0,3402319000,60,49715,18088,49715,18088,17302,786,East Brunswick township
325,34,23.0,3402320230,60,107588,38493,107588,38493,36852,1641,Edison township
326,34,23.0,3402330840,60,2455,1091,2455,1091,1052,39,Helmetta borough
327,34,23.0,3402331470,60,15072,6669,15072,6669,6320,349,Highland Park borough
328,34,23.0,3402334890,60,5783,2228,5783,2228,2115,113,Jamesburg borough
329,34,23.0,3402345690,60,15049,6053,15049,6053,5822,231,Metuchen borough
330,34,23.0,3402345900,60,14636,5472,14636,5472,5302,170,Middlesex borough
331,34,23.0,3402346620,60,7037,2707,7037,2707,2613,94,Milltown borough
332,34,23.0,3402347280,60,48594,21504,48594,21504,20289,1215,Monroe township
333,34,23.0,3402351210,60,55266,17509,55266,17509,15387,2122,New Brunswick city
334,34,23.0,3402352560,60,43905,15585,43905,15585,15025,560,North Brunswick township
335,34,23.0,3402354705,60,66876,26067,66876,26067,25059,1008,Old Bridge township
336,34,23.0,3402358200,60,55436,17855,55436,17855,17136,719,Perth Amboy city
337,34,23.0,3402359010,60,60804,18904,60804,18904,18071,833,Piscataway township
338,34,23.0,3402359280,60,24084,10281,24084,10281,9720,561,Plainsboro township
339,34,23.0,3402365790,60,45345,17695,45345,17695,16910,785,Sayreville borough
340,34,23.0,3402368550,60,9411,3906,9411,3906,3740,166,South Amboy city
341,34,23.0,3402368790,60,47043,16647,47043,16647,16014,633,South Brunswick township
342,34,23.0,3402369390,60,24338,8432,24338,8432,8217,215,South Plainfield borough
343,34,23.0,3402369420,60,16118,5977,16118,5977,5694,283,South River borough
344,34,23.0,3402369810,60,8163,3297,8163,3297,3196,101,Spotswood borough
345,34,23.0,3402382000,60,103639,38137,103639,38137,36381,1756,Woodbridge township
346,34,25.0,3402500000,60,0,0,0,0,0,0,County subdivisions not defined
347,34,25.0,3402500070,60,19329,7967,19329,7967,7697,270,Aberdeen township
348,34,25.0,3402500730,60,472,369,472,369,199,170,Allenhurst borough
349,34,25.0,3402500760,60,1734,724,1734,724,694,30,Allentown borough
350,34,25.0,3402501960,60,15188,8274,15188,8274,7087,1187,Asbury Park city
351,34,25.0,3402502110,60,4414,2092,4414,2092,1949,143,Atlantic Highlands borough
352,34,25.0,3402502440,60,1933,1334,1933,1334,902,432,Avon-by-the-Sea borough
353,34,25.0,3402504930,60,5907,4066,5907,4066,2867,1199,Belmar borough
354,34,25.0,3402506970,60,4282,3221,4282,3221,2157,1064,Bradley Beach borough
355,34,25.0,3402507750,60,4982,2176,4982,2176,1949,227,Brielle borough
356,34,25.0,3402514560,60,9957,3451,9957,3451,3307,144,Colts Neck township
357,34,25.0,3402516660,60,900,925,900,925,347,578,Deal borough
358,34,25.0,3402519840,60,13597,6182,13597,6182,5842,340,Eatontown borough
359,34,25.0,3402521570,60,2346,820,2346,820,789,31,Englishtown borough
360,34,25.0,3402522440,60,6269,2074,6269,2074,1994,80,Fair Haven borough
361,34,25.0,3402522950,60,1504,630,1504,630,616,14,Farmingdale borough
362,34,25.0,3402525200,60,12538,4394,12538,4394,4143,251,Freehold borough
363,34,25.0,3402525230,60,35369,13500,35369,13500,12897,603,Freehold township
364,34,25.0,3402530690,60,20125,7492,20125,7492,7179,313,Hazlet township
365,34,25.0,3402531500,60,4621,2931,4621,2931,2425,506,Highlands borough
366,34,25.0,3402532640,60,17400,6038,17400,6038,5787,251,Holmdel township
367,34,25.0,3402533300,60,53537,19694,53537,19694,18906,788,Howell township
368,34,25.0,3402534200,60,828,400,828,400,362,38,Interlaken borough
369,34,25.0,3402536480,60,9755,4361,9755,4361,3808,553,Keansburg borough
370,34,25.0,3402536810,60,7204,3427,7204,3427,3202,225,Keyport borough
371,34,25.0,3402537560,60,1697,1081,1697,1081,778,303,Lake Como borough
372,34,25.0,3402540770,60,6131,2323,6131,2323,2196,127,Little Silver borough
373,34,25.0,3402541010,60,224,154,224,154,94,60,Loch Arbour village
374,34,25.0,3402541310,60,31667,14944,31667,14944,12391,2553,Long Branch city
375,34,25.0,3402542990,60,40905,14850,40905,14850,14325,525,Manalapan township
376,34,25.0,3402543050,60,5938,3412,5938,3412,2462,950,Manasquan borough
377,34,25.0,3402544070,60,41502,14215,41502,14215,13774,441,Marlboro township
378,34,25.0,3402544520,60,9565,4010,9565,4010,3849,161,Matawan borough
379,34,25.0,3402545990,60,67106,25859,67106,25859,24710,1149,Middletown township
380,34,25.0,3402546560,60,10376,3428,10376,3428,3324,104,Millstone township
381,34,25.0,3402547130,60,3174,2006,3174,2006,1452,554,Monmouth Beach borough
382,34,25.0,3402549890,60,28061,13278,28061,13278,11466,1812,Neptune township
383,34,25.0,3402549920,60,4626,2251,4626,2251,2109,142,Neptune City borough
384,34,25.0,3402554270,60,27672,12257,27672,12257,11249,1008,Ocean township
385,34,25.0,3402554570,60,6150,2469,6150,2469,2346,123,Oceanport borough
386,34,25.0,3402562430,60,12936,5863,12936,5863,5423,440,Red Bank borough
387,34,25.0,3402564410,60,808,331,808,331,307,24,Roosevelt borough
388,34,25.0,3402565130,60,7343,2624,7343,2624,2398,226,Rumson borough
389,34,25.0,3402566240,60,1449,1200,1449,1200,793,407,Sea Bright borough
390,34,25.0,3402566330,60,1866,1305,1866,1305,786,519,Sea Girt borough
391,34,25.0,3402567350,60,4184,1509,4184,1509,1456,53,Shrewsbury borough
392,34,25.0,3402567365,60,1076,544,1076,544,505,39,Shrewsbury township
393,34,25.0,3402570110,60,2789,2107,2789,2107,1225,882,Spring Lake borough
394,34,25.0,3402570140,60,4890,2998,4890,2998,2428,570,Spring Lake Heights borough
395,34,25.0,3402573020,60,19181,8972,19181,8972,8500,472,Tinton Falls borough
396,34,25.0,3402574540,60,5723,2183,5723,2183,2036,147,Union Beach borough
397,34,25.0,3402574900,60,7273,2604,7273,2604,2471,133,Upper Freehold township
398,34,25.0,3402576460,60,26525,10838,26525,10838,10121,717,Wall township
399,34,25.0,3402579310,60,8587,2755,8587,2755,2551,204,West Long Branch borough
400,34,27.0,3402706610,60,8815,3555,8815,3555,3412,143,Boonton town
401,34,27.0,3402706640,60,4380,1583,4380,1583,1504,79,Boonton township
402,34,27.0,3402709040,60,8047,3403,8047,3403,3258,145,Butler borough
403,34,27.0,3402712100,60,9212,3224,9212,3224,3057,167,Chatham borough
404,34,27.0,3402712130,60,10983,4155,10983,4155,3963,192,Chatham township
405,34,27.0,3402712580,60,1681,660,1681,660,633,27,Chester borough
406,34,27.0,3402712610,60,7713,2736,7713,2736,2575,161,Chester township
407,34,27.0,3402717650,60,17107,6834,17107,6834,6442,392,Denville township
408,34,27.0,3402718070,60,18460,5972,18460,5972,5752,220,Dover town
409,34,27.0,3402719210,60,11105,4040,11105,4040,3935,105,East Hanover township
410,34,27.0,3402723910,60,12585,4768,12585,4768,4468,300,Florham Park borough
411,34,27.0,3402729550,60,14677,5928,14677,5928,5694,234,Hanover township
412,34,27.0,3402729700,60,3871,1569,3871,1569,1419,150,Harding township
413,34,27.0,3402734980,60,20538,8566,20538,8566,7840,726,Jefferson township
414,34,27.0,3402737110,60,9966,3571,9966,3571,3405,166,Kinnelon borough
415,34,27.0,3402740290,60,10915,4181,10915,4181,4063,118,Lincoln Park borough
416,34,27.0,3402741362,60,8629,3240,8629,3240,3118,122,Long Hill township
417,34,27.0,3402742510,60,16937,5989,16937,5989,5705,284,Madison borough
418,34,27.0,3402745330,60,4981,1867,4981,1867,1762,105,Mendham borough
419,34,27.0,3402745360,60,6016,2105,6016,2105,1986,119,Mendham township
420,34,27.0,3402746860,60,4015,1523,4015,1523,1477,46,Mine Hill township
421,34,27.0,3402747670,60,22450,8206,22450,8206,7901,305,Montville township
422,34,27.0,3402748090,60,22974,8993,22974,8993,8587,406,Morris township
423,34,27.0,3402748210,60,6153,2527,6153,2527,2432,95,Morris Plains borough
424,34,27.0,3402748300,60,20180,9213,20180,9213,8482,731,Morristown town
425,34,27.0,3402748480,60,4472,1429,4472,1429,1376,53,Mountain Lakes borough
426,34,27.0,3402748690,60,5909,2915,5909,2915,2651,264,Mount Arlington borough
427,34,27.0,3402749080,60,28886,11597,28886,11597,11079,518,Mount Olive township
428,34,27.0,3402750130,60,3375,1490,3375,1490,1434,56,Netcong borough
429,34,27.0,3402756460,60,56162,22146,56162,22146,21346,800,Parsippany-Troy Hills township
430,34,27.0,3402758110,60,15571,6688,15571,6688,6379,309,Pequannock township
431,34,27.0,3402761890,60,26504,9676,26504,9676,9354,322,Randolph township
432,34,27.0,3402763300,60,4107,2009,4107,2009,1929,80,Riverdale borough
433,34,27.0,3402764050,60,6598,2645,6598,2645,2561,84,Rockaway borough
434,34,27.0,3402764080,60,25341,10140,25341,10140,9643,497,Rockaway township
435,34,27.0,3402764980,60,22950,8682,22950,8682,8356,326,Roxbury township
436,34,27.0,3402775890,60,1582,584,1582,584,571,13,Victory Gardens borough
437,34,27.0,3402777240,60,18197,6577,18197,6577,6343,234,Washington township
438,34,27.0,3402780390,60,7241,2736,7241,2736,2604,132,Wharton borough
439,34,29.0,3402900000,60,0,0,0,0,0,0,County subdivisions not defined
440,34,29.0,3402903050,60,24296,10724,24296,10724,9758,966,Barnegat township
441,34,29.0,3402903130,60,640,1257,640,1257,321,936,Barnegat Light borough
442,34,29.0,3402903520,60,930,1024,930,1024,434,590,Bay Head borough
443,34,29.0,3402903940,60,1027,2600,1027,2600,485,2115,Beach Haven borough
444,34,29.0,3402904180,60,10859,3860,10859,3860,3719,141,Beachwood borough
445,34,29.0,3402905305,60,43754,24629,43754,24629,21040,3589,Berkeley township
446,34,29.0,3402907420,60,73620,33863,73620,33863,30119,3744,Brick township
447,34,29.0,3402918670,60,1722,797,1722,797,676,121,Eagleswood township
448,34,29.0,3402930390,60,391,1178,391,1178,198,980,Harvey Cedars borough
449,34,29.0,3402934530,60,1650,841,1650,841,722,119,Island Heights borough
450,34,29.0,3402934680,60,58544,21626,58544,21626,20470,1156,Jackson township
451,34,29.0,3402937380,60,28655,12483,28655,12483,11086,1397,Lacey township
452,34,29.0,3402937770,60,2636,979,2636,979,908,71,Lakehurst borough
453,34,29.0,3402938550,60,135158,34726,135158,34726,31850,2876,Lakewood township
454,34,29.0,3402939390,60,1787,3078,1787,3078,924,2154,Lavallette borough
455,34,29.0,3402940560,60,20784,10812,20784,10812,8715,2097,Little Egg Harbor township
456,34,29.0,3402941250,60,3153,8832,3153,8832,1593,7239,Long Beach township
457,34,29.0,3402943140,60,45115,26764,45115,26764,24287,2477,Manchester township
458,34,29.0,3402943380,60,331,498,331,498,158,340,Mantoloking borough
459,34,29.0,3402954300,60,8835,4715,8835,4715,3979,736,Ocean township
460,34,29.0,3402954450,60,1932,1153,1932,1153,851,302,Ocean Gate borough
461,34,29.0,3402958590,60,2139,931,2139,931,840,91,Pine Beach borough
462,34,29.0,3402959790,60,8072,3139,8072,3139,2996,143,Plumsted township
463,34,29.0,3402959880,60,18941,8485,18941,8485,7506,979,Point Pleasant borough
464,34,29.0,3402959910,60,4766,3397,4766,3397,2045,1352,Point Pleasant Beach borough
465,34,29.0,3402966450,60,2440,2870,2440,2870,1148,1722,Seaside Heights borough
466,34,29.0,3402966480,60,1436,2586,1436,2586,772,1814,Seaside Park borough
467,34,29.0,3402967110,60,1098,1938,1098,1938,549,1389,Ship Bottom borough
468,34,29.0,3402969510,60,3643,1141,3643,1141,1081,60,South Toms River borough
469,34,29.0,3402970320,60,28617,14399,28617,14399,11073,3326,Stafford township
470,34,29.0,3402971640,60,1243,2468,1243,2468,644,1824,Surf City borough
471,34,29.0,3402973125,60,95438,44526,95438,44526,36291,8235,Toms River township
472,34,29.0,3402974210,60,3577,2110,3577,2110,1574,536,Tuckerton borough
473,34,31.0,3403106340,60,7777,3267,7777,3267,3112,155,Bloomingdale borough
474,34,31.0,3403113690,60,90296,33325,90296,33325,31968,1357,Clifton city
475,34,31.0,3403129070,60,9052,3117,9052,3117,3017,100,Haledon borough
476,34,31.0,3403130570,60,19637,7946,19637,7946,7624,322,Hawthorne borough
477,34,31.0,3403140620,60,13360,4947,13360,4947,4721,226,Little Falls township
478,34,31.0,3403153040,60,8927,3141,8927,3141,3054,87,North Haledon borough
479,34,31.0,3403156550,60,70537,21513,70537,21513,20595,918,Passaic city
480,34,31.0,3403157000,60,159732,52885,159732,52885,50326,2559,Paterson city
481,34,31.0,3403160090,60,11127,4349,11127,4349,4200,149,Pompton Lakes borough
482,34,31.0,3403161170,60,6372,2017,6372,2017,1932,85,Prospect Park borough
483,34,31.0,3403163150,60,11735,4364,11735,4364,4180,184,Ringwood borough
484,34,31.0,3403173140,60,11065,4026,11065,4026,3899,127,Totowa borough
485,34,31.0,3403176730,60,11317,4597,11317,4597,4392,205,Wanaque borough
486,34,31.0,3403177840,60,54838,19808,54838,19808,19165,643,Wayne township
487,34,31.0,3403179460,60,24862,10570,24862,10570,9638,932,West Milford township
488,34,31.0,3403182423,60,13484,5495,13484,5495,5252,243,Woodland Park borough
504,34,35.0,3403504450,60,8272,4483,8272,4483,4222,261,Bedminster township
505,34,35.0,3403505560,60,27830,10665,27830,10665,10197,468,Bernards township
506,34,35.0,3403505590,60,7893,2953,7893,2953,2756,197,Bernardsville borough
507,34,35.0,3403506790,60,11988,4389,11988,4389,4181,208,Bound Brook borough
508,34,35.0,3403507180,60,14940,5843,14940,5843,5660,183,Branchburg township
509,34,35.0,3403507720,60,45977,16739,45977,16739,16044,695,Bridgewater township
510,34,35.0,3403522890,60,924,418,924,418,372,46,Far Hills borough
511,34,35.0,3403524900,60,68364,27335,68364,27335,25860,1475,Franklin township
512,34,35.0,3403527510,60,7281,2510,7281,2510,2436,74,Green Brook township
513,34,35.0,3403531890,60,43276,15955,43276,15955,15296,659,Hillsborough township
514,34,35.0,3403543620,60,10953,4290,10953,4290,4092,198,Manville borough
515,34,35.0,3403546590,60,448,168,448,168,153,15,Millstone borough
516,34,35.0,3403547580,60,23690,8390,23690,8390,8003,387,Montgomery township
517,34,35.0,3403553280,60,22808,8055,22808,8055,7715,340,North Plainfield borough
518,34,35.0,3403557300,60,2558,937,2558,937,887,50,Peapack and Gladstone borough
519,34,35.0,3403561980,60,7835,3167,7835,3167,2993,174,Raritan borough
520,34,35.0,3403564320,60,743,298,743,298,278,20,Rocky Hill borough
521,34,35.0,3403568460,60,12346,5387,12346,5387,5050,337,Somerville borough
522,34,35.0,3403568730,60,4863,1941,4863,1941,1854,87,South Bound Brook borough
523,34,35.0,3403576940,60,15923,5614,15923,5614,5374,240,Warren township
524,34,35.0,3403577600,60,6449,2285,6449,2285,2175,110,Watchung borough
525,34,37.0,3403701330,60,595,277,595,277,254,23,Andover borough
526,34,37.0,3403701360,60,5996,2219,5996,2219,2102,117,Andover township
527,34,37.0,3403707300,60,791,372,791,372,334,38,Branchville borough
528,34,37.0,3403709160,60,8028,3292,8028,3292,2946,346,Byram township
529,34,37.0,3403724810,60,5302,2550,5302,2550,2084,466,Frankford township
530,34,37.0,3403724930,60,4912,2177,4912,2177,2047,130,Franklin borough
531,34,37.0,3403725140,60,3235,1256,3235,1256,1192,64,Fredon township
532,34,37.0,3403727420,60,3627,1291,3627,1291,1244,47,Green township
533,34,37.0,3403729220,60,3266,1539,3266,1539,1452,87,Hamburg borough
534,34,37.0,3403729490,60,4893,2186,4893,2186,1996,190,Hampton township
535,34,37.0,3403729850,60,8125,3847,8125,3847,3371,476,Hardyston township
536,34,37.0,3403732910,60,14362,6393,14362,6393,5724,669,Hopatcong borough
537,34,37.0,3403737440,60,2358,921,2358,921,881,40,Lafayette township
538,34,37.0,3403747430,60,3792,1832,3792,1832,1560,272,Montague township
539,34,37.0,3403751930,60,8374,3687,8374,3687,3400,287,Newton town
540,34,37.0,3403754660,60,2258,927,2258,927,873,54,Ogdensburg borough
541,34,37.0,3403765700,60,1977,979,1977,979,806,173,Sandyston township
542,34,37.0,3403769690,60,19600,7614,19600,7614,7032,582,Sparta township
543,34,37.0,3403770380,60,3526,1507,3526,1507,1432,75,Stanhope borough
544,34,37.0,3403770890,60,4004,1943,4004,1943,1609,334,Stillwater township
545,34,37.0,3403771670,60,2024,1013,2024,1013,901,112,Sussex borough
546,34,37.0,3403775740,60,22358,10538,22358,10538,8612,1926,Vernon township
547,34,37.0,3403776640,60,7,5,7,5,5,0,Walpack township
548,34,37.0,3403776790,60,10811,4344,10811,4344,4058,286,Wantage township
549,34,39.0,3403905320,60,13285,4660,13285,4660,4484,176,Berkeley Heights township
550,34,39.0,3403913150,60,15544,6114,15544,6114,5919,195,Clark township
551,34,39.0,3403915640,60,23847,9264,23847,9264,8891,373,Cranford township
552,34,39.0,3403921000,60,137298,48439,137298,48439,46314,2125,Elizabeth city
553,34,39.0,3403922860,60,7774,2829,7774,2829,2725,104,Fanwood borough
554,34,39.0,3403925800,60,4454,2016,4454,2016,1920,96,Garwood borough
555,34,39.0,3403931980,60,22456,7844,22456,7844,7517,327,Hillside township
556,34,39.0,3403936690,60,8427,3019,8427,3019,2932,87,Kenilworth borough
557,34,39.0,3403940350,60,43738,16452,43738,16452,15609,843,Linden city
558,34,39.0,3403948510,60,7020,2564,7020,2564,2399,165,Mountainside borough
559,34,39.0,3403951810,60,13650,5497,13650,5497,5071,426,New Providence borough
560,34,39.0,3403959190,60,54586,17125,54586,17125,16308,817,Plainfield city
561,34,39.0,3403961530,60,29556,12363,29556,12363,11544,819,Rahway city
562,34,39.0,3403964620,60,22695,8431,22695,8431,8008,423,Roselle borough
563,34,39.0,3403964650,60,13967,5346,13967,5346,5213,133,Roselle Park borough
564,34,39.0,3403966060,60,24968,9103,24968,9103,8807,296,Scotch Plains township
565,34,39.0,3403970020,60,17178,7105,17178,7105,6820,285,Springfield township
566,34,39.0,3403971430,60,22719,8365,22719,8365,7905,460,Summit city
567,34,39.0,3403974480,60,59728,21571,59728,21571,20672,899,Union township
568,34,39.0,3403979040,60,31032,11095,31032,11095,10622,473,Westfield town
569,34,39.0,3403981650,60,1423,706,1423,706,692,14,Winfield township
570,34,41.0,3404100670,60,5335,2467,5335,2467,2358,109,Allamuchy township
571,34,41.0,3404101030,60,2328,1047,2328,1047,972,75,Alpha borough
572,34,41.0,3404104990,60,2520,1143,2520,1143,1031,112,Belvidere town
573,34,41.0,3404106160,60,5704,2245,5704,2245,2106,139,Blairstown township
574,34,41.0,3404124960,60,2968,1219,2968,1219,1124,95,Franklin township
575,34,41.0,3404125320,60,2199,833,2199,833,780,53,Frelinghuysen township
576,34,41.0,3404128260,60,5473,1868,5473,1868,1798,70,Greenwich township
577,34,41.0,3404128710,60,10248,3945,10248,3945,3769,176,Hackettstown town
578,34,41.0,3404129820,60,1598,612,1598,612,578,34,Hardwick township
579,34,41.0,3404130090,60,2503,1066,2503,1066,993,73,Harmony township
580,34,41.0,3404133060,60,1835,806,1835,806,743,63,Hope township
581,34,41.0,3404133930,60,5469,2439,5469,2439,2325,114,Independence township
582,34,41.0,3404137320,60,2894,1197,2894,1197,1103,94,Knowlton township
583,34,41.0,3404140110,60,2670,1144,2670,1144,1022,122,Liberty township
584,34,41.0,3404141490,60,8776,3859,8776,3859,3588,271,Lopatcong township
585,34,41.0,3404143320,60,7781,3351,7781,3351,3139,212,Mansfield township
586,34,41.0,3404155530,60,2444,1040,2444,1040,967,73,Oxford township
587,34,41.0,3404158350,60,15249,6659,15249,6659,6024,635,Phillipsburg town
588,34,41.0,3404159820,60,3241,1428,3241,1428,1310,118,Pohatcong township
589,34,41.0,3404177270,60,7299,3219,7299,3219,3002,217,Washington borough
590,34,41.0,3404177300,60,6492,2553,6492,2553,2426,127,Washington township
591,34,41.0,3404180570,60,4606,2317,4606,2317,2169,148,White township
