ZIPCODE,CSA
1005,148
1010,148
1031,148
1037,148
1068,148
1069,148
1074,148
1082,148
1083,148
1092,148
1094,148
1331,148
1355,148
1364,148
1366,148
1368,148
1420,148
1430,148
1431,148
1432,148
1434,148
1436,148
1438,148
1440,148
1450,148
1451,148
1452,148
1453,148
1460,148
1462,148
1463,148
1464,148
1467,148
1468,148
1469,148
1473,148
1474,148
1475,148
1501,148
1503,148
1504,148
1505,148
1506,148
1507,148
1510,148
1515,148
1516,148
1518,148
1519,148
1520,148
1521,148
1522,148
1523,148
1524,148
1525,148
1527,148
1529,148
1531,148
1532,148
1534,148
1535,148
1536,148
1537,148
1540,148
1541,148
1542,148
1543,148
1545,148
1550,148
1560,148
1561,148
1562,148
1564,148
1566,148
1568,148
1569,148
1570,148
1571,148
1581,148
1583,148
1585,148
1588,148
1590,148
1602,148
1603,148
1604,148
1605,148
1606,148
1607,148
1608,148
1609,148
1610,148
1611,148
1612,148
1701,148
1702,148
1718,148
1719,148
1720,148
1721,148
1730,148
1731,148
1740,148
1741,148
1742,148
1745,148
1746,148
1747,148
1748,148
1749,148
1752,148
1754,148
1756,148
1757,148
1760,148
1770,148
1772,148
1773,148
1775,148
1776,148
1778,148
1801,148
1803,148
1810,148
1821,148
1824,148
1826,148
1827,148
1830,148
1832,148
1833,148
1834,148
1835,148
1840,148
1841,148
1843,148
1844,148
1845,148
1850,148
1851,148
1852,148
1854,148
1860,148
1862,148
1863,148
1864,148
1867,148
1876,148
1879,148
1880,148
1886,148
1887,148
1890,148
1901,148
1902,148
1904,148
1905,148
1906,148
1907,148
1908,148
1913,148
1915,148
1921,148
1922,148
1923,148
1929,148
1930,148
1937,148
1938,148
1940,148
1944,148
1945,148
1949,148
1950,148
1951,148
1952,148
1960,148
1966,148
1969,148
1970,148
1982,148
1983,148
1984,148
1985,148
2019,148
2021,148
2025,148
2026,148
2030,148
2032,148
2035,148
2038,148
2043,148
2045,148
2047,148
2048,148
2050,148
2052,148
2053,148
2054,148
2056,148
2061,148
2062,148
2066,148
2067,148
2071,148
2072,148
2081,148
2090,148
2093,148
2108,148
2109,148
2110,148
2111,148
2113,148
2114,148
2115,148
2116,148
2118,148
2119,148
2120,148
2121,148
2122,148
2124,148
2125,148
2126,148
2127,148
2128,148
2129,148
2130,148
2131,148
2132,148
2134,148
2135,148
2136,148
2138,148
2139,148
2140,148
2141,148
2142,148
2143,148
2144,148
2145,148
2148,148
2149,148
2150,148
2151,148
2152,148
2155,148
2163,148
2169,148
2170,148
2171,148
2176,148
2180,148
2184,148
2186,148
2188,148
2189,148
2190,148
2191,148
2199,148
2203,148
2210,148
2215,148
2301,148
2302,148
2322,148
2324,148
2330,148
2332,148
2333,148
2338,148
2339,148
2341,148
2343,148
2346,148
2347,148
2351,148
2356,148
2357,148
2359,148
2360,148
2364,148
2366,148
2367,148
2368,148
2370,148
2375,148
2379,148
2382,148
2420,148
2421,148
2445,148
2446,148
2451,148
2452,148
2453,148
2457,148
2458,148
2459,148
2460,148
2461,148
2462,148
2464,148
2465,148
2466,148
2467,148
2468,148
2472,148
2474,148
2476,148
2478,148
2481,148
2482,148
2492,148
2493,148
2494,148
2532,148
2534,148
2536,148
2537,148
2538,148
2540,148
2542,148
2543,148
2553,148
2556,148
2558,148
2559,148
2561,148
2562,148
2563,148
2571,148
2576,148
2601,148
2630,148
2631,148
2632,148
2633,148
2635,148
2637,148
2638,148
2639,148
2641,148
2642,148
2643,148
2644,148
2645,148
2646,148
2647,148
2648,148
2649,148
2650,148
2651,148
2652,148
2653,148
2655,148
2657,148
2659,148
2660,148
2663,148
2664,148
2666,148
2667,148
2668,148
2669,148
2670,148
2671,148
2672,148
2673,148
2675,148
2702,148
2703,148
2715,148
2717,148
2718,148
2719,148
2720,148
2721,148
2723,148
2724,148
2725,148
2726,148
2738,148
2739,148
2740,148
2743,148
2744,148
2745,148
2746,148
2747,148
2748,148
2760,148
2762,148
2763,148
2764,148
2766,148
2767,148
2769,148
2770,148
2771,148
2777,148
2779,148
2780,148
2790,148
2791,148
2802,148
2804,148
2806,148
2807,148
2808,148
2809,148
2812,148
2813,148
2814,148
2815,148
2816,148
2817,148
2818,148
2822,148
2825,148
2826,148
2827,148
2828,148
2830,148
2831,148
2832,148
2833,148
2835,148
2836,148
2837,148
2838,148
2839,148
2840,148
2841,148
2842,148
2852,148
2857,148
2858,148
2859,148
2860,148
2861,148
2863,148
2864,148
2865,148
2871,148
2872,148
2873,148
2874,148
2875,148
2876,148
2878,148
2879,148
2881,148
2882,148
2885,148
2886,148
2888,148
2889,148
2891,148
2892,148
2893,148
2894,148
2895,148
2896,148
2898,148
2903,148
2904,148
2905,148
2906,148
2907,148
2908,148
2909,148
2910,148
2911,148
2912,148
2914,148
2915,148
2916,148
2917,148
2919,148
2920,148
2921,148
3031,148
3032,148
3033,148
3034,148
3036,148
3037,148
3038,148
3042,148
3043,148
3044,148
3045,148
3046,148
3047,148
3048,148
3049,148
3051,148
3052,148
3053,148
3054,148
3055,148
3057,148
3060,148
3062,148
3063,148
3064,148
3070,148
3071,148
3076,148
3077,148
3079,148
3082,148
3084,148
3086,148
3087,148
3101,148
3102,148
3103,148
3104,148
3106,148
3109,148
3110,148
3216,148
3217,148
3218,148
3220,148
3221,148
3222,148
3224,148
3225,148
3226,148
3229,148
3230,148
3231,148
3233,148
3234,148
3235,148
3237,148
3240,148
3242,148
3243,148
3244,148
3245,148
3246,148
3249,148
3253,148
3254,148
3255,148
3256,148
3257,148
3258,148
3260,148
3261,148
3263,148
3264,148
3268,148
3269,148
3273,148
3275,148
3276,148
3278,148
3280,148
3281,148
3284,148
3287,148
3290,148
3291,148
3301,148
3303,148
3304,148
3307,148
3440,148
3442,148
3444,148
3447,148
3449,148
3450,148
3452,148
3457,148
3458,148
3461,148
3464,148
3470,148
3752,148
3782,148
3801,148
3809,148
3810,148
3811,148
3816,148
3819,148
3820,148
3823,148
3824,148
3825,148
3826,148
3827,148
3833,148
3835,148
3837,148
3839,148
3840,148
3841,148
3842,148
3844,148
3848,148
3851,148
3852,148
3854,148
3855,148
3856,148
3857,148
3858,148
3861,148
3862,148
3865,148
3867,148
3868,148
3869,148
3870,148
3871,148
3872,148
3873,148
3874,148
3878,148
3884,148
3885,148
3887,148
3894,148
3901,148
3903,148
3904,148
3905,148
3908,148
4001,148
4027,148
6076,148
6226,148
6234,148
6235,148
6238,148
6239,148
6241,148
6242,148
6243,148
6247,148
6249,148
6250,148
6254,148
6255,148
6256,148
6259,148
6260,148
6262,148
6263,148
6264,148
6266,148
6277,148
6278,148
6279,148
6280,148
6281,148
6282,148
6330,148
6331,148
6332,148
6351,148
6354,148
6359,148
6373,148
6374,148
6377,148
6379,148
6384,148
6387,148
93210,488
93610,488
93620,488
93622,488
93635,488
93653,488
93665,488
93907,488
93908,488
93925,488
93926,488
93930,488
93960,488
94002,488
94005,488
94010,488
94014,488
94015,488
94019,488
94020,488
94021,488
94022,488
94024,488
94025,488
94027,488
94028,488
94030,488
94037,488
94038,488
94040,488
94041,488
94043,488
94044,488
94060,488
94061,488
94062,488
94063,488
94065,488
94066,488
94070,488
94074,488
94080,488
94085,488
94086,488
94087,488
94089,488
94102,488
94103,488
94104,488
94105,488
94107,488
94108,488
94109,488
94110,488
94111,488
94112,488
94114,488
94115,488
94116,488
94117,488
94118,488
94121,488
94122,488
94123,488
94124,488
94127,488
94128,488
94129,488
94130,488
94131,488
94132,488
94133,488
94134,488
94158,488
94301,488
94303,488
94304,488
94305,488
94306,488
94401,488
94402,488
94403,488
94404,488
94501,488
94502,488
94503,488
94505,488
94506,488
94507,488
94508,488
94509,488
94510,488
94511,488
94512,488
94513,488
94514,488
94515,488
94516,488
94517,488
94518,488
94519,488
94520,488
94521,488
94523,488
94525,488
94526,488
94528,488
94530,488
94531,488
94533,488
94534,488
94535,488
94536,488
94538,488
94539,488
94541,488
94542,488
94544,488
94545,488
94546,488
94547,488
94548,488
94549,488
94550,488
94551,488
94552,488
94553,488
94555,488
94556,488
94558,488
94559,488
94560,488
94561,488
94563,488
94564,488
94565,488
94566,488
94567,488
94568,488
94569,488
94571,488
94572,488
94573,488
94574,488
94575,488
94576,488
94577,488
94578,488
94579,488
94580,488
94582,488
94583,488
94585,488
94586,488
94587,488
94588,488
94589,488
94590,488
94591,488
94592,488
94595,488
94596,488
94597,488
94598,488
94599,488
94601,488
94602,488
94603,488
94605,488
94606,488
94607,488
94608,488
94609,488
94610,488
94611,488
94612,488
94613,488
94618,488
94619,488
94621,488
94702,488
94703,488
94704,488
94705,488
94706,488
94707,488
94708,488
94709,488
94710,488
94720,488
94801,488
94803,488
94804,488
94805,488
94806,488
94850,488
94901,488
94903,488
94904,488
94920,488
94922,488
94923,488
94924,488
94925,488
94928,488
94929,488
94930,488
94931,488
94933,488
94937,488
94938,488
94939,488
94940,488
94941,488
94945,488
94946,488
94947,488
94949,488
94950,488
94951,488
94952,488
94954,488
94956,488
94957,488
94960,488
94963,488
94964,488
94965,488
94970,488
94971,488
94972,488
94973,488
95002,488
95003,488
95004,488
95005,488
95006,488
95007,488
95008,488
95010,488
95013,488
95014,488
95017,488
95018,488
95019,488
95020,488
95023,488
95030,488
95032,488
95033,488
95035,488
95037,488
95039,488
95041,488
95043,488
95045,488
95046,488
95050,488
95051,488
95053,488
95054,488
95060,488
95062,488
95064,488
95065,488
95066,488
95070,488
95073,488
95075,488
95076,488
95110,488
95111,488
95112,488
95113,488
95116,488
95117,488
95118,488
95119,488
95120,488
95121,488
95122,488
95123,488
95124,488
95125,488
95126,488
95127,488
95128,488
95129,488
95130,488
95131,488
95132,488
95133,488
95134,488
95135,488
95136,488
95138,488
95139,488
95140,488
95148,488
95202,488
95203,488
95204,488
95205,488
95206,488
95207,488
95209,488
95210,488
95211,488
95212,488
95215,488
95219,488
95220,488
95227,488
95228,488
95230,488
95231,488
95234,488
95236,488
95237,488
95240,488
95242,488
95252,488
95258,488
95301,488
95303,488
95304,488
95306,488
95307,488
95312,488
95313,488
95315,488
95316,488
95317,488
95319,488
95320,488
95322,488
95323,488
95324,488
95325,488
95326,488
95328,488
95329,488
95330,488
95333,488
95334,488
95336,488
95337,488
95338,488
95340,488
95341,488
95348,488
95350,488
95351,488
95354,488
95355,488
95356,488
95357,488
95358,488
95360,488
95361,488
95363,488
95365,488
95366,488
95367,488
95368,488
95369,488
95374,488
95376,488
95377,488
95380,488
95382,488
95385,488
95386,488
95387,488
95388,488
95391,488
95401,488
95403,488
95404,488
95405,488
95407,488
95409,488
95412,488
95421,488
95425,488
95426,488
95430,488
95431,488
95436,488
95439,488
95441,488
95442,488
95444,488
95445,488
95446,488
95448,488
95449,488
95450,488
95451,488
95452,488
95457,488
95461,488
95462,488
95465,488
95471,488
95472,488
95476,488
95486,488
95492,488
95494,488
95497,488
95606,488
95607,488
95612,488
95615,488
95616,488
95618,488
95620,488
95625,488
95632,488
95637,488
95638,488
95640,488
95641,488
95679,488
95680,488
95686,488
95687,488
95688,488
95690,488
95694,488