ZCTA,CSA
95694,488
95690,488
95688,488
95687,488
95686,488
95680,488
95679,488
95641,488
95640,488
95638,488
95637,488
95632,488
95625,488
95620,488
95618,488
95616,488
95615,488
95612,488
95607,488
95606,488
95497,488
95494,488
95492,488
95486,488
95476,488
95472,488
95471,488
95465,488
95462,488
95461,488
95457,488
95452,488
95451,488
95450,488
95449,488
95448,488
95446,488
95445,488
95444,488
95442,488
95441,488
95439,488
95436,488
95431,488
95430,488
95426,488
95425,488
95421,488
95412,488
95409,488
95407,488
95405,488
95404,488
95403,488
95401,488
95391,488
95388,488
95387,488
95386,488
95385,488
95382,488
95380,488
95377,488
95376,488
95374,488
95369,488
95368,488
95367,488
95366,488
95365,488
95363,488
95361,488
95360,488
95358,488
95357,488
95356,488
95355,488
95354,488
95351,488
95350,488
95348,488
95341,488
95340,488
95338,488
95337,488
95336,488
95334,488
95333,488
95330,488
95329,488
95328,488
95326,488
95325,488
95324,488
95323,488
95322,488
95320,488
95319,488
95317,488
95316,488
95315,488
95313,488
95312,488
95307,488
95306,488
95304,488
95303,488
95301,488
95258,488
95252,488
95242,488
95240,488
95237,488
95236,488
95234,488
95231,488
95230,488
95228,488
95227,488
95220,488
95219,488
95215,488
95212,488
95211,488
95210,488
95209,488
95207,488
95206,488
95205,488
95204,488
95203,488
95202,488
95148,488
95140,488
95139,488
95138,488
95136,488
95135,488
95134,488
95133,488
95132,488
95131,488
95130,488
95129,488
95128,488
95127,488
95126,488
95125,488
95124,488
95123,488
95122,488
95121,488
95120,488
95119,488
95118,488
95117,488
95116,488
95113,488
95112,488
95111,488
95110,488
95076,488
95075,488
95073,488
95070,488
95066,488
95065,488
95064,488
95062,488
95060,488
95054,488
95053,488
95051,488
95050,488
95046,488
95045,488
95043,488
95041,488
95039,488
95037,488
95035,488
95033,488
95032,488
95030,488
95023,488
95020,488
95019,488
95018,488
95017,488
95014,488
95013,488
95010,488
95008,488
95007,488
95006,488
95005,488
95004,488
95003,488
95002,488
94973,488
94972,488
94971,488
94970,488
94965,488
94964,488
94963,488
94960,488
94957,488
94956,488
94954,488
94952,488
94951,488
94950,488
94949,488
94947,488
94946,488
94945,488
94941,488
94940,488
94939,488
94938,488
94937,488
94933,488
94931,488
94930,488
94929,488
94928,488
94925,488
94924,488
94923,488
94922,488
94920,488
94904,488
94903,488
94901,488
94850,488
94806,488
94805,488
94804,488
94803,488
94801,488
94720,488
94710,488
94709,488
94708,488
94707,488
94706,488
94705,488
94704,488
94703,488
94702,488
94621,488
94619,488
94618,488
94613,488
94612,488
94611,488
94610,488
94609,488
94608,488
94607,488
94606,488
94605,488
94603,488
94602,488
94601,488
94599,488
94598,488
94597,488
94596,488
94595,488
94592,488
94591,488
94590,488
94589,488
94588,488
94587,488
94586,488
94585,488
94583,488
94582,488
94580,488
94579,488
94578,488
94577,488
94576,488
94575,488
94574,488
94573,488
94572,488
94571,488
94569,488
94568,488
94567,488
94566,488
94565,488
94564,488
94563,488
94561,488
94560,488
94559,488
94558,488
94556,488
94555,488
94553,488
94552,488
94551,488
94550,488
94549,488
94548,488
94547,488
94546,488
94545,488
94544,488
94542,488
94541,488
94539,488
94538,488
94536,488
94535,488
94534,488
94533,488
94531,488
94530,488
94528,488
94526,488
94525,488
94523,488
94521,488
94520,488
94519,488
94518,488
94517,488
94516,488
94515,488
94514,488
94513,488
94512,488
94511,488
94510,488
94509,488
94508,488
94507,488
94506,488
94505,488
94503,488
94502,488
94501,488
94404,488
94403,488
94402,488
94401,488
94306,488
94305,488
94304,488
94303,488
94301,488
94158,488
94134,488
94133,488
94132,488
94131,488
94130,488
94129,488
94128,488
94127,488
94124,488
94123,488
94122,488
94121,488
94118,488
94117,488
94116,488
94115,488
94114,488
94112,488
94111,488
94110,488
94109,488
94108,488
94107,488
94105,488
94104,488
94103,488
94102,488
94089,488
94087,488
94086,488
94085,488
94080,488
94074,488
94070,488
94066,488
94065,488
94063,488
94062,488
94061,488
94060,488
94044,488
94043,488
94041,488
94040,488
94038,488
94037,488
94030,488
94028,488
94027,488
94025,488
94024,488
94022,488
94021,488
94020,488
94019,488
94015,488
94014,488
94010,488
94005,488
94002,488
93960,488
93930,488
93926,488
93925,488
93908,488
93907,488
93665,488
93653,488
93635,488
93622,488
93620,488
93610,488
93210,488
6387,148
6384,148
6379,148
6377,148
6374,148
6373,148
6359,148
6354,148
6351,148
6332,148
6331,148
6330,148
6282,148
6281,148
6280,148
6279,148
6278,148
6277,148
6266,148
6264,148
6263,148
6262,148
6260,148
6259,148
6256,148
6255,148
6254,148
6250,148
6249,148
6247,148
6243,148
6242,148
6241,148
6239,148
6238,148
6235,148
6234,148
6226,148
6076,148
4027,148
4001,148
3908,148
3905,148
3904,148
3903,148
3901,148
3894,148
3887,148
3885,148
3884,148
3878,148
3874,148
3873,148
3872,148
3871,148
3870,148
3869,148
3868,148
3867,148
3865,148
3862,148
3861,148
3858,148
3857,148
3856,148
3855,148
3854,148
3853,148
3852,148
3851,148
3848,148
3844,148
3842,148
3841,148
3840,148
3839,148
3837,148
3835,148
3833,148
3827,148
3826,148
3825,148
3824,148
3823,148
3820,148
3819,148
3816,148
3811,148
3810,148
3809,148
3801,148
3782,148
3752,148
3470,148
3464,148
3461,148
3458,148
3452,148
3450,148
3449,148
3447,148
3444,148
3442,148
3440,148
3307,148
3304,148
3303,148
3301,148
3291,148
3290,148
3287,148
3284,148
3281,148
3280,148
3278,148
3276,148
3275,148
3273,148
3269,148
3268,148
3264,148
3263,148
3261,148
3260,148
3258,148
3257,148
3256,148
3255,148
3254,148
3253,148
3249,148
3246,148
3245,148
3244,148
3243,148
3242,148
3240,148
3237,148
3235,148
3234,148
3233,148
3231,148
3230,148
3229,148
3226,148
3225,148
3224,148
3222,148
3221,148
3220,148
3218,148
3216,148
3110,148
3109,148
3106,148
3104,148
3103,148
3102,148
3101,148
3087,148
3086,148
3084,148
3082,148
3079,148
3077,148
3076,148
3071,148
3070,148
3064,148
3063,148
3062,148
3060,148
3057,148
3055,148
3054,148
3053,148
3052,148
3051,148
3049,148
3048,148
3047,148
3046,148
3045,148
3044,148
3043,148
3042,148
3038,148
3037,148
3036,148
3034,148
3033,148
3032,148
3031,148
2921,148
2920,148
2919,148
2917,148
2916,148
2915,148
2914,148
2912,148
2911,148
2910,148
2909,148
2908,148
2907,148
2906,148
2905,148
2904,148
2903,148
2898,148
2896,148
2895,148
2894,148
2893,148
2892,148
2891,148
2889,148
2888,148
2886,148
2885,148
2882,148
2881,148
2879,148
2878,148
2876,148
2875,148
2874,148
2873,148
2872,148
2871,148
2865,148
2864,148
2863,148
2861,148
2860,148
2859,148
2858,148
2857,148
2852,148
2842,148
2841,148
2840,148
2839,148
2838,148
2837,148
2836,148
2835,148
2833,148
2832,148
2831,148
2830,148
2828,148
2827,148
2826,148
2825,148
2822,148
2818,148
2817,148
2816,148
2815,148
2814,148
2813,148
2812,148
2809,148
2808,148
2807,148
2806,148
2804,148
2802,148
2791,148
2790,148
2780,148
2779,148
2777,148
2771,148
2770,148
2769,148
2767,148
2766,148
2764,148
2763,148
2762,148
2760,148
2748,148
2747,148
2746,148
2745,148
2744,148
2743,148
2740,148
2739,148
2738,148
2726,148
2725,148
2724,148
2723,148
2721,148
2720,148
2719,148
2718,148
2717,148
2715,148
2703,148
2702,148
2675,148
2673,148
2672,148
2671,148
2670,148
2669,148
2668,148
2667,148
2666,148
2664,148
2663,148
2660,148
2659,148
2657,148
2655,148
2653,148
2652,148
2651,148
2650,148
2649,148
2648,148
2647,148
2646,148
2645,148
2644,148
2643,148
2642,148
2641,148
2639,148
2638,148
2637,148
2635,148
2633,148
2632,148
2631,148
2630,148
2601,148
2576,148
2571,148
2563,148
2562,148
2561,148
2559,148
2558,148
2556,148
2553,148
2543,148
2542,148
2540,148
2538,148
2537,148
2536,148
2534,148
2532,148
2494,148
2493,148
2492,148
2482,148
2481,148
2478,148
2476,148
2474,148
2472,148
2468,148
2467,148
2466,148
2465,148
2464,148
2462,148
2461,148
2460,148
2459,148
2458,148
2457,148
2453,148
2452,148
2451,148
2446,148
2445,148
2421,148
2420,148
2382,148
2379,148
2375,148
2370,148
2368,148
2367,148
2366,148
2364,148
2360,148
2359,148
2357,148
2356,148
2351,148
2347,148
2346,148
2343,148
2341,148
2339,148
2338,148
2333,148
2332,148
2330,148
2324,148
2322,148
2302,148
2301,148
2215,148
2210,148
2203,148
2199,148
2191,148
2190,148
2189,148
2188,148
2186,148
2184,148
2180,148
2176,148
2171,148
2170,148
2169,148
2163,148
2155,148
2152,148
2151,148
2150,148
2149,148
2148,148
2145,148
2144,148
2143,148
2142,148
2141,148
2140,148
2139,148
2138,148
2136,148
2135,148
2134,148
2132,148
2131,148
2130,148
2129,148
2128,148
2127,148
2126,148
2125,148
2124,148
2122,148
2121,148
2120,148
2119,148
2118,148
2116,148
2115,148
2114,148
2113,148
2111,148
2110,148
2109,148
2108,148
2093,148
2090,148
2081,148
2072,148
2071,148
2067,148
2066,148
2062,148
2061,148
2056,148
2054,148
2053,148
2052,148
2050,148
2048,148
2047,148
2045,148
2043,148
2038,148
2035,148
2032,148
2030,148
2026,148
2025,148
2021,148
2019,148
1985,148
1984,148
1983,148
1982,148
1970,148
1969,148
1966,148
1960,148
1952,148
1951,148
1950,148
1949,148
1945,148
1944,148
1940,148
1938,148
1937,148
1930,148
1929,148
1923,148
1922,148
1921,148
1915,148
1913,148
1908,148
1907,148
1906,148
1905,148
1904,148
1902,148
1901,148
1890,148
1887,148
1886,148
1880,148
1879,148
1876,148
1867,148
1864,148
1863,148
1862,148
1860,148
1854,148
1852,148
1851,148
1850,148
1845,148
1844,148
1843,148
1841,148
1840,148
1835,148
1834,148
1833,148
1832,148
1830,148
1827,148
1826,148
1824,148
1821,148
1810,148
1803,148
1801,148
1778,148
1776,148
1775,148
1773,148
1772,148
1770,148
1760,148
1757,148
1756,148
1754,148
1752,148
1749,148
1748,148
1747,148
1746,148
1745,148
1742,148
1741,148
1740,148
1731,148
1730,148
1721,148
1720,148
1719,148
1718,148
1702,148
1701,148
1612,148
1611,148
1610,148
1609,148
1608,148
1607,148
1606,148
1605,148
1604,148
1603,148
1602,148
1590,148
1588,148
1585,148
1583,148
1581,148
1571,148
1570,148
1569,148
1568,148
1566,148
1564,148
1562,148
1561,148
1560,148
1550,148
1545,148
1543,148
1542,148
1541,148
1540,148
1537,148
1536,148
1535,148
1534,148
1532,148
1531,148
1529,148
1527,148
1525,148
1524,148
1523,148
1522,148
1521,148
1520,148
1519,148
1518,148
1516,148
1515,148
1510,148
1507,148
1506,148
1505,148
1504,148
1503,148
1501,148
1475,148
1474,148
1473,148
1469,148
1468,148
1467,148
1464,148
1463,148
1462,148
1460,148
1453,148
1452,148
1451,148
1450,148
1440,148
1438,148
1436,148
1434,148
1432,148
1431,148
1430,148
1420,148
1368,148
1366,148
1364,148
1355,148
1331,148
1094,148
1092,148
1083,148
1082,148
1074,148
1069,148
1068,148
1037,148
1031,148
1010,148
1005,148
12440,408
12441,408
12443,408
12446,408
12526,408
12527,408
12760,408
10454,408
10455,408
10456,408
10457,408
10458,408
10979,408
10980,408
10983,408
10984,408
10985,408
11234,408
11235,408
11236,408
11237,408
11238,408
11239,408
11351,408
11354,408
11552,408
11553,408
11554,408
11556,408
11557,408
11558,408
11934,408
11935,408
11937,408
11939,408
11940,408
11941,408
11942,408
11944,408
11946,408
12528,408
12531,408
12533,408
12538,408
12540,408
12542,408
12543,408
12545,408
12546,408
12547,408
12548,408
12762,408
12763,408
12764,408
12765,408
12766,408
12767,408
12768,408
12769,408
12770,408
11355,408
11356,408
11559,408
11560,408
11561,408
11563,408
11565,408
11566,408
11568,408
11569,408
11570,408
11572,408
11575,408
11576,408
11577,408
11947,408
11948,408
11949,408
11950,408
11951,408
11952,408
11953,408
11954,408
12549,408
12550,408
12553,408
12561,408
12563,408
12771,408
12775,408
12776,408
6390,408
10001,408
10002,408
10003,408
10004,408
10005,408
10006,408
10007,408
10459,408
10460,408
10461,408
10462,408
10463,408
10464,408
10465,408
10466,408
10986,408
10987,408
10988,408
10989,408
10990,408
10992,408
10993,408
11357,408
11358,408
11359,408
11360,408
11361,408
11362,408
11363,408
11364,408
11365,408
11366,408
11367,408
11368,408
11369,408
11370,408
11371,408
11372,408
11373,408
11374,408
11375,408
11377,408
11579,408
11580,408
11581,408
11590,408
11596,408
11598,408
11691,408
11692,408
11693,408
11694,408
11697,408
11701,408
11702,408
11955,408
12448,408
12449,408
12564,408
12566,408
12567,408
12569,408
12570,408
12571,408
12572,408
12574,408
12575,408
12777,408
10009,408
10010,408
10467,408
10468,408
10994,408
11703,408
11704,408
11705,408
11706,408
11709,408
11710,408
11713,408
11714,408
11715,408
11716,408
11717,408
11956,408
11957,408
11958,408
11959,408
11960,408
11961,408
11962,408
11963,408
11964,408
11965,408
11967,408
11968,408
11970,408
11971,408
11972,408
11973,408
12577,408
12578,408
12580,408
12581,408
12582,408
12583,408
12585,408
12586,408
12778,408
12779,408
12780,408
12781,408
12783,408
10011,408
10012,408
10013,408
10469,408
10470,408
10471,408
10472,408
10473,408
10474,408
10475,408
10996,408
10998,408
11001,408
11003,408
11004,408
11005,408
11378,408
11379,408
11385,408
11411,408
11718,408
11975,408
11976,408
11977,408
11978,408
11980,408
12450,408
12453,408
12455,408
12456,408
12457,408
12458,408
12589,408
12590,408
12592,408
12784,408
10501,408
10502,408
10503,408
10504,408
10505,408
10506,408
10507,408
10509,408
11010,408
11020,408
11021,408
11023,408
11024,408
11412,408
11413,408
11414,408
11719,408
11720,408
11721,408
11722,408
12461,408
12463,408
12464,408
12465,408
12466,408
12471,408
12472,408
12475,408
12477,408
12480,408
12594,408
12601,408
12785,408
12786,408
12787,408
12788,408
12789,408
12790,408
12791,408
12792,408
10014,408
10016,408
10017,408
10018,408
10019,408
10020,408
10021,408
10022,408
10023,408
10024,408
10025,408
10026,408
10027,408
10028,408
10029,408
10030,408
10031,408
10032,408
10033,408
10034,408
10510,408
10511,408
10512,408
10514,408
11030,408
11040,408
11042,408
11050,408
11096,408
11101,408
11102,408
11103,408
11104,408
11105,408
11106,408
11724,408
11725,408
11726,408
11727,408
12481,408
12483,408
12484,408
12486,408
10035,408
10516,408
10517,408
10518,408
10519,408
10520,408
10522,408
10523,408
10524,408
10526,408
10527,408
10528,408
11415,408
11416,408
11417,408
11418,408
11419,408
11420,408
11421,408
11422,408
11729,408
11730,408
11731,408
11732,408
11733,408
12487,408
12489,408
12603,408
12604,408
10036,408
10037,408
10038,408
10039,408
10040,408
10044,408
10065,408
10069,408
10530,408
10532,408
10533,408
10535,408
10536,408
10537,408
10538,408
10541,408
10543,408
10545,408
10546,408
10547,408
10548,408
10549,408
10550,408
10552,408
10553,408
10560,408
10562,408
10566,408
11109,408
11201,408
11735,408
11738,408
11739,408
11740,408
11741,408
11742,408
11743,408
11746,408
11747,408
11749,408
11751,408
11752,408
11753,408
11754,408
11755,408
11756,408
12490,408
12491,408
12492,408
12493,408
10567,408
10570,408
10573,408
10576,408
10577,408
10578,408
10579,408
10580,408
10583,408
10588,408
10589,408
11423,408
11424,408
11757,408
11758,408
12494,408
12495,408
12498,408
12501,408
12504,408
12701,408
12719,408
13731,408
10075,408
10103,408
10110,408
10111,408
10112,408
10115,408
10119,408
10128,408
10152,408
10590,408
10591,408
10594,408
10595,408
10596,408
10597,408
10598,408
10601,408
10603,408
10604,408
10605,408
10606,408
11203,408
11204,408
11205,408
11206,408
11207,408
11208,408
11425,408
11426,408
11762,408
11763,408
11764,408
11765,408
11766,408
11767,408
11768,408
12507,408
12720,408
12721,408
12722,408
12723,408
12724,408
10153,408
10154,408
10162,408
10165,408
10167,408
10168,408
10169,408
10170,408
10171,408
10172,408
10173,408
10174,408
10177,408
10199,408
10607,408
10701,408
10703,408
10704,408
10705,408
10706,408
10707,408
10708,408
10709,408
10710,408
10801,408
10803,408
10804,408
11209,408
11210,408
11211,408
11212,408
11213,408
11214,408
11215,408
11427,408
11428,408
11429,408
11430,408
11432,408
11433,408
11434,408
11435,408
11436,408
11769,408
11770,408
11771,408
11772,408
11776,408
11777,408
12401,408
12404,408
12406,408
12409,408
12508,408
10271,408
10278,408
10279,408
10280,408
10282,408
10301,408
10302,408
10303,408
10805,408
10901,408
10910,408
10911,408
10913,408
10914,408
10915,408
10916,408
10917,408
10918,408
10919,408
10920,408
10921,408
10922,408
10923,408
10924,408
10925,408
10926,408
10927,408
10928,408
10930,408
10931,408
10932,408
11451,408
11778,408
11779,408
11780,408
11782,408
11783,408
11784,408
11786,408
11787,408
11788,408
11789,408
11790,408
11791,408
11792,408
11793,408
11794,408
11795,408
12410,408
12411,408
12412,408
12512,408
12514,408
12515,408
12518,408
12520,408
12725,408
12726,408
12729,408
12732,408
12733,408
12734,408
12736,408
12737,408
12738,408
12740,408
12741,408
12742,408
12743,408
10304,408
10305,408
10306,408
10307,408
10308,408
10309,408
10310,408
10933,408
10940,408
10941,408
10950,408
10952,408
10953,408
10954,408
10956,408
10958,408
10960,408
11216,408
11501,408
11507,408
11509,408
11510,408
11514,408
11516,408
11518,408
11796,408
11797,408
11798,408
11801,408
11803,408
11804,408
11901,408
11930,408
12522,408
12745,408
12746,408
12747,408
12748,408
12749,408
12750,408
10311,408
10312,408
10314,408
10962,408
11217,408
11520,408
11530,408
11542,408
11931,408
11932,408
12414,408
12416,408
12417,408
12419,408
12420,408
12427,408
12428,408
12429,408
12430,408
12432,408
12433,408
12435,408
12524,408
12525,408
12751,408
12752,408
12754,408
12758,408
12759,408
10451,408
10452,408
10453,408
10963,408
10964,408
10965,408
10968,408
10969,408
10970,408
10973,408
10974,408
10975,408
10976,408
10977,408
11218,408
11219,408
11220,408
11221,408
11222,408
11223,408
11224,408
11225,408
11226,408
11228,408
11229,408
11230,408
11231,408
11232,408
11233,408
11545,408
11547,408
11548,408
11549,408
11550,408
11933,408
18327,408
18328,408
18077,408
18435,408
18443,408
18301,408
18336,408
18337,408
18340,408
18343,408
18013,408
18458,408
18302,408
18324,408
18351,408
18040,408
18042,408
18405,408
18415,408
18417,408
8050,408
7202,408
7626,408
7871,408
7203,408
7204,408
7627,408
7628,408
7630,408
7874,408
7876,408
7878,408
7880,408
7881,408
7882,408
7885,408
7901,408
7920,408
7921,408
7922,408
7924,408
7926,408
7927,408
7928,408
7930,408
7931,408
7932,408
7933,408
7934,408
7935,408
7936,408
7939,408
7205,408
7206,408
7208,408
7302,408
7304,408
7305,408
7306,408
7307,408
7310,408
7311,408
7631,408
7632,408
7640,408
7641,408
7642,408
7643,408
7644,408
7645,408
7646,408
7647,408
7648,408
7649,408
7940,408
7401,408
7403,408
7405,408
7407,408
7410,408
7650,408
7652,408
7656,408
7657,408
7660,408
7661,408
7945,408
7946,408
7950,408
7960,408
7961,408
7970,408
7974,408
7976,408
7977,408
7979,408
7416,408
7417,408
7418,408
7662,408
7663,408
7666,408
7670,408
7675,408
7676,408
7677,408
7701,408
7702,408
7703,408
7704,408
7711,408
7712,408
7716,408
7717,408
7718,408
7719,408
7720,408
7980,408
7981,408
7001,408
7002,408
7003,408
7419,408
7721,408
7722,408
7723,408
7724,408
8005,408
7004,408
7005,408
7006,408
7008,408
7009,408
7420,408
7726,408
7727,408
7728,408
7730,408
7731,408
7732,408
7733,408
7734,408
7735,408
7737,408
7738,408
7739,408
7740,408
8006,408
7010,408
7011,408
7012,408
7013,408
7014,408
7016,408
7017,408
7018,408
7020,408
7021,408
7022,408
7023,408
7024,408
7026,408
7027,408
7028,408
7029,408
7746,408
7747,408
7748,408
7750,408
7751,408
7030,408
7031,408
7032,408
7033,408
7034,408
7035,408
7036,408
7039,408
7040,408
7041,408
7042,408
7043,408
7421,408
7422,408
7423,408
7424,408
7430,408
7432,408
7753,408
7044,408
7045,408
7046,408
7047,408
7050,408
7052,408
7054,408
7055,408
7057,408
7058,408
7059,408
7060,408
7062,408
7435,408
7755,408
8008,408
7063,408
7064,408
7436,408
7756,408
8015,408
7065,408
7066,408
7067,408
7068,408
7069,408
7070,408
7071,408
7072,408
7438,408
7439,408
7440,408
7442,408
7444,408
7446,408
7450,408
7452,408
7757,408
7758,408
7760,408
7762,408
7764,408
7801,408
7803,408
7073,408
7074,408
7075,408
7076,408
7077,408
7078,408
7079,408
7080,408
7081,408
7082,408
7456,408
7457,408
7458,408
7460,408
7461,408
7462,408
7463,408
7465,408
7470,408
7480,408
7481,408
7495,408
7501,408
7502,408
7503,408
7504,408
7505,408
7506,408
7508,408
7512,408
7513,408
7514,408
7522,408
7524,408
7601,408
7820,408
7821,408
7822,408
7823,408
7825,408
7826,408
7827,408
7828,408
7830,408
7832,408
7833,408
7083,408
7086,408
7087,408
7088,408
7090,408
7092,408
7093,408
7094,408
7095,408
7102,408
7103,408
7603,408
7604,408
7605,408
7606,408
7607,408
7608,408
7620,408
7621,408
7104,408
7105,408
7106,408
7107,408
7108,408
7109,408
7110,408
7111,408
7112,408
7114,408
7201,408
7624,408
7834,408
7836,408
7838,408
7840,408
7842,408
7843,408
7846,408
7847,408
7848,408
7849,408
7850,408
7851,408
7852,408
7853,408
7856,408
7857,408
7860,408
7863,408
7865,408
7866,408
7869,408
7870,408
6039,408
6057,408
6058,408
6059,408
6061,408
6063,408
6065,408
6068,408
6069,408
6090,408
6091,408
6098,408
6010,408
6013,408
6018,408
6019,408
6021,408
6024,408
6027,408
6031,408
6037,408
1255,408
1258,408
1259,408
18913,408
18920,408
18930,408
18938,408
18947,408
18950,408
18972,408
18977,408
19067,408
8087,408
8092,408
8734,408
8735,408
8736,408
8738,408
8740,408
8741,408
8501,408
8502,408
8505,408
8510,408
8511,408
8512,408
8514,408
8515,408
8520,408
8525,408
8527,408
8528,408
8530,408
8533,408
8534,408
8535,408
8536,408
8540,408
8542,408
8550,408
8551,408
8553,408
8555,408
8558,408
8559,408
8560,408
8561,408
8562,408
8608,408
8609,408
8610,408
8611,408
8618,408
8619,408
8620,408
8628,408
8629,408
8638,408
8640,408
8648,408
8690,408
8691,408
8701,408
8720,408
8721,408
8722,408
8723,408
8724,408
8730,408
8731,408
8732,408
8733,408
8742,408
8750,408
8751,408
8752,408
8753,408
8755,408
8757,408
8758,408
8759,408
8801,408
8802,408
8804,408
8805,408
8807,408
8808,408
8809,408
8810,408
8812,408
8816,408
8817,408
8820,408
8821,408
8822,408
8823,408
8824,408
8825,408
8826,408
8827,408
8828,408
8829,408
8830,408
8831,408
8832,408
8833,408
8835,408
8836,408
8837,408
8840,408
8844,408
8846,408
8848,408
8850,408
8852,408
8853,408
8854,408
8857,408
8858,408
8859,408
8861,408
8863,408
8865,408
8867,408
8869,408
8872,408
8873,408
8876,408
8879,408
8880,408
8882,408
8884,408
8886,408
8887,408
8889,408
8890,408
8901,408
8902,408
8904,408
1034,408
6450,408
6451,408
6455,408
6457,408
6460,408
6461,408
6468,408
6470,408
6890,408
6896,408
6897,408
6901,408
6902,408
6903,408
6905,408
6906,408
6907,408
6471,408
6472,408
6473,408
6477,408
6478,408
6479,408
6482,408
6483,408
6484,408
6488,408
6489,408
6492,408
6510,408
6511,408
6512,408
6513,408
6514,408
6515,408
6516,408
6517,408
6518,408
6519,408
6524,408
6525,408
6604,408
6605,408
6606,408
6607,408
6608,408
6610,408
6611,408
6612,408
6614,408
6615,408
6702,408
6704,408
6705,408
6401,408
6706,408
6708,408
6403,408
6405,408
6410,408
6413,408
6710,408
6712,408
6716,408
6750,408
6751,408
6752,408
6754,408
6755,408
6756,408
6757,408
6759,408
6762,408
6763,408
6770,408
6776,408
6777,408
6418,408
6778,408
6779,408
6782,408
6783,408
6784,408
6419,408
6422,408
6785,408
6786,408
6787,408
6790,408
6791,408
6793,408
6794,408
6795,408
6796,408
6798,408
6801,408
6804,408
6807,408
6810,408
6811,408
6812,408
6758,408
6437,408
6443,408
6444,408
6820,408
6824,408
6825,408
6830,408
6831,408
6840,408
6850,408
6851,408
6853,408
6854,408
6855,408
6856,408
6870,408
6877,408
6878,408
6880,408
6883,408