ZCTA,ZCTAid
11216,8600000US11216
11221,8600000US11221
11225,8600000US11225
11226,8600000US11226
11234,8600000US11234
11228,8600000US11228
11236,8600000US11236
11229,8600000US11229
11210,8600000US11210
11203,8600000US11203
11235,8600000US11235
11209,8600000US11209
11204,8600000US11204
11218,8600000US11218
11223,8600000US11223
11214,8600000US11214
11201,8600000US11201
11238,8600000US11238
11230,8600000US11230
11211,8600000US11211
11224,8600000US11224
11215,8600000US11215
11217,8600000US11217
11219,8600000US11219
11222,8600000US11222
11208,8600000US11208
11220,8600000US11220
11207,8600000US11207
11232,8600000US11232
11231,8600000US11231
11205,8600000US11205
11233,8600000US11233
11213,8600000US11213
11212,8600000US11212
11206,8600000US11206
11237,8600000US11237
11239,8600000US11239
11249,8600000US11249
10001,8600000US10001
10002,8600000US10002
10003,8600000US10003
10004,8600000US10004
10005,8600000US10005
10006,8600000US10006
10007,8600000US10007
10009,8600000US10009
10010,8600000US10010
10011,8600000US10011
10012,8600000US10012
10013,8600000US10013
10014,8600000US10014
10016,8600000US10016
10017,8600000US10017
10018,8600000US10018
10019,8600000US10019
10021,8600000US10021
10022,8600000US10022
10023,8600000US10023
10024,8600000US10024
10025,8600000US10025
10026,8600000US10026
10027,8600000US10027
10028,8600000US10028
10029,8600000US10029
10030,8600000US10030
10031,8600000US10031
10032,8600000US10032
10033,8600000US10033
10034,8600000US10034
10035,8600000US10035
10036,8600000US10036
10037,8600000US10037
10038,8600000US10038
10039,8600000US10039
10040,8600000US10040
10044,8600000US10044
10065,8600000US10065
10069,8600000US10069
10075,8600000US10075
10128,8600000US10128
10280,8600000US10280
10162,8600000US10162
10463,8600000US10463
10282,8600000US10282
11001,8600000US11001
11004,8600000US11004
11005,8600000US11005
11040,8600000US11040
11101,8600000US11101
11102,8600000US11102
11103,8600000US11103
11104,8600000US11104
11105,8600000US11105
11106,8600000US11106
11109,8600000US11109
11354,8600000US11354
11355,8600000US11355
11356,8600000US11356
11357,8600000US11357
11358,8600000US11358
11360,8600000US11360
11361,8600000US11361
11362,8600000US11362
11363,8600000US11363
11364,8600000US11364
11365,8600000US11365
11366,8600000US11366
11367,8600000US11367
11368,8600000US11368
11369,8600000US11369
11370,8600000US11370
11372,8600000US11372
11373,8600000US11373
11374,8600000US11374
11375,8600000US11375
11377,8600000US11377
11378,8600000US11378
11379,8600000US11379
11385,8600000US11385
11411,8600000US11411
11412,8600000US11412
11413,8600000US11413
11414,8600000US11414
11415,8600000US11415
11416,8600000US11416
11417,8600000US11417
11418,8600000US11418
11419,8600000US11419
11420,8600000US11420
11421,8600000US11421
11422,8600000US11422
11423,8600000US11423
11426,8600000US11426
11427,8600000US11427
11428,8600000US11428
11429,8600000US11429
11432,8600000US11432
11433,8600000US11433
11434,8600000US11434
11435,8600000US11435
11436,8600000US11436
11691,8600000US11691
11692,8600000US11692
11693,8600000US11693
11694,8600000US11694
11697,8600000US11697
10302,8600000US10302
10303,8600000US10303
10310,8600000US10310
10314,8600000US10314
10309,8600000US10309
10312,8600000US10312
10308,8600000US10308
10307,8600000US10307
10306,8600000US10306
10305,8600000US10305
10304,8600000US10304
10301,8600000US10301
10457,8600000US10457
10462,8600000US10462
10467,8600000US10467
10468,8600000US10468
10465,8600000US10465
10469,8600000US10469
10475,8600000US10475
10466,8600000US10466
10464,8600000US10464
10471,8600000US10471
10470,8600000US10470
10461,8600000US10461
10463,8600000US10463
10473,8600000US10473
10472,8600000US10472
10451,8600000US10451
10459,8600000US10459
10460,8600000US10460
10455,8600000US10455
10474,8600000US10474
10456,8600000US10456
10454,8600000US10454
10458,8600000US10458
10453,8600000US10453
10452,8600000US10452