,COUNTY,P_AsianO18,P_BlackO18,P_HispO18,P_NonHispO18,P_O18,P_OtherO18,P_TwoO18,P_WhiteO18,STATE,SUMLEV,id,name
10,001,913,412,1715,14186,15901,314,746,11801,09,60,900104720,Bethel town
11,001,3243,37393,44748,68968,113716,2312,4037,21983,09,60,900108070,Bridgeport town
12,001,706,227,936,12888,13824,143,533,11279,09,60,900108980,Brookfield town
13,001,4308,4452,20168,48080,68248,2231,4209,32880,09,60,900118500,Danbury town
14,001,821,112,797,13871,14668,67,365,12506,09,60,900118850,Darien town
15,001,251,80,289,5501,5790,34,147,4989,09,60,900123890,Easton town
16,001,2154,860,3406,44297,47703,313,1195,39775,09,60,900126620,Fairfield town
17,001,3576,906,5654,42285,47939,479,1587,35737,09,60,900133620,Greenwich town
18,001,477,293,975,13574,14549,81,349,12374,09,60,900148620,Monroe town
19,001,809,160,685,13889,14574,59,343,12518,09,60,900150580,New Canaan town
20,001,207,111,765,9964,10729,83,249,9314,09,60,900150860,New Fairfield town
21,001,583,498,1184,20111,21295,114,556,18360,09,60,900152980,Newtown town
22,001,3900,8760,19680,53002,72682,499,1680,38163,09,60,900156060,Norwalk town
23,001,191,55,287,6631,6918,47,172,6166,09,60,900163480,Redding town
24,001,890,181,932,17727,18659,123,452,16081,09,60,900163970,Ridgefield town
25,001,1429,1335,2799,30940,33739,240,760,27176,09,60,900168170,Shelton town
26,001,32,24,102,2823,2925,6,87,2674,09,60,900168310,Sherman town
27,001,9252,12819,27527,81188,108715,797,2447,55873,09,60,900173070,Stamford town
28,001,1059,6895,7644,34332,41976,362,1245,24771,09,60,900174190,Stratford town
29,001,1728,1148,2237,25530,27767,204,681,21769,09,60,900177200,Trumbull town
30,001,409,105,375,7095,7470,44,237,6300,09,60,900183430,Weston town
31,001,1245,267,1009,18934,19943,93,529,16800,09,60,900183500,Westport town
32,001,1086,151,579,12861,13440,64,383,11177,09,60,900186370,Wilton town
62,005,22,7,56,2908,2964,11,91,2777,09,60,900502760,Barkhamsted town
63,005,20,24,63,2791,2854,15,72,2660,09,60,900504930,Bethlehem town
64,005,8,14,37,1418,1455,9,54,1333,09,60,900508210,Bridgewater town
65,005,1,15,33,865,898,7,12,830,09,60,900510940,Canaan town
66,005,2,3,22,1138,1160,8,43,1082,09,60,900516050,Colebrook town
67,005,17,0,40,1315,1355,6,38,1254,09,60,900517240,Cornwall town
68,005,28,16,88,2519,2607,4,67,2404,09,60,900532290,Goshen town
69,005,31,25,114,4257,4371,11,111,4079,09,60,900537280,Harwinton town
70,005,65,26,110,2428,2538,23,88,2226,09,60,900540290,Kent town
71,005,93,34,186,6673,6859,23,184,6339,09,60,900543370,Litchfield town
72,005,10,8,39,1835,1874,6,49,1762,09,60,900549460,Morris town
73,005,60,18,112,5301,5413,33,156,5034,09,60,900551350,New Hartford town
74,005,761,484,2238,20142,22380,223,1014,17660,09,60,900552630,New Milford town
75,005,18,8,27,1302,1329,4,32,1240,09,60,900553470,Norfolk town
76,005,13,26,192,2462,2654,11,98,2314,09,60,900554030,North Canaan town
77,005,101,113,454,9165,9619,33,392,8526,09,60,900560750,Plymouth town
78,005,29,9,48,1882,1930,9,64,1771,09,60,900565930,Roxbury town
79,005,51,53,138,3293,3431,34,104,3051,09,60,900566420,Salisbury town
80,005,34,34,79,2259,2338,24,63,2104,09,60,900567960,Sharon town
81,005,61,52,209,5874,6083,35,194,5532,09,60,900575730,Thomaston town
82,005,707,834,3489,25477,28966,173,1059,22704,09,60,900576570,Torrington town
83,005,8,0,28,1078,1106,9,40,1021,09,60,900579510,Warren town
84,005,41,22,144,2889,3033,19,73,2734,09,60,900579720,Washington town
85,005,331,319,896,17059,17955,105,395,15909,09,60,900580490,Watertown town
86,005,90,101,463,8090,8553,52,300,7547,09,60,900586440,Winchester town
87,005,117,97,330,7824,8154,62,220,7328,09,60,900587910,Woodbury town
104,009,0,0,0,0,0,0,0,0,09,60,900900000,County subdivisions not defined
105,009,294,1773,2982,11962,14944,102,477,9316,09,60,900901220,Ansonia town
106,009,68,93,275,4609,4884,37,129,4282,09,60,900903250,Beacon Falls town
107,009,188,80,130,4125,4255,21,109,3727,09,60,900904580,Bethany town
108,009,1057,535,1311,22904,24215,125,555,20632,09,60,900907310,Branford town
109,009,1303,1053,1266,21477,22743,98,501,18522,09,60,900914160,Cheshire town
110,009,273,957,1771,8215,9986,65,224,6696,09,60,900919550,Derby town
111,009,864,995,3487,19806,23293,118,509,17320,09,60,900922910,East Haven town
112,009,591,162,715,16902,17617,51,464,15634,09,60,900934950,Guilford town
113,009,2730,11648,5608,45050,50658,417,1348,28907,09,60,900935650,Hamden town
114,009,441,106,418,13752,14170,65,305,12835,09,60,900944560,Madison town
115,009,1018,4299,15192,32349,47541,263,1341,25428,09,60,900946520,Meriden town
116,009,274,57,209,5717,5926,18,114,5254,09,60,900946940,Middlebury town
117,009,2175,1210,2895,40649,43544,279,1214,35771,09,60,900947535,Milford town
118,009,548,1633,3135,21737,24872,420,1133,18003,09,60,900949950,Naugatuck town
119,009,7869,30963,28498,76512,105010,992,3334,33354,09,60,900952070,New Haven town
120,009,194,123,438,10647,11085,26,199,10105,09,60,900953890,North Branford town
121,009,1144,697,1007,18764,19771,103,343,16477,09,60,900954870,North Haven town
122,009,1094,204,452,10787,11239,54,271,9164,09,60,900957600,Orange town
123,009,164,99,433,9749,10182,41,226,9219,09,60,900958300,Oxford town
124,009,82,150,289,7294,7583,27,198,6837,09,60,900962290,Prospect town
125,009,319,536,1165,12321,13486,78,322,11066,09,60,900967610,Seymour town
126,009,448,144,557,15973,16530,68,359,14954,09,60,900969640,Southbury town
127,009,1353,642,3242,33014,36256,178,901,29940,09,60,900978740,Wallingford town
128,009,1771,16799,30304,55752,86056,1543,3033,32606,09,60,900980070,Waterbury town
129,009,2083,9013,9264,35852,45116,361,1328,23067,09,60,900982870,West Haven town
130,009,199,290,672,12391,13063,79,349,11474,09,60,900987560,Wolcott town
131,009,867,207,334,6635,6969,66,164,5331,09,60,900987700,Woodbridge town
106,005,52705,324265,600336,522739,1123075,13620,21564,110585,36,60,3600508510,Bronx borough
321,027,63,76,301,2829,3130,29,119,2542,36,60,3602701693,Amenia town
322,027,264,1403,1947,9229,11176,132,445,6985,36,60,3602705100,Beacon city
323,027,294,1391,1393,10119,11512,56,261,8117,36,60,3602705452,Beekman town
324,027,48,54,123,3232,3355,12,127,2991,36,60,3602716408,Clinton town
325,027,182,304,1107,5503,6610,30,236,4751,36,60,3602720819,Dover town
326,027,989,840,2479,20642,23121,145,652,18016,36,60,3602721996,East Fishkill town
327,027,939,2802,2996,17561,20557,136,509,13175,36,60,3602725978,Fishkill town
328,027,746,1254,1400,16031,17431,120,713,13198,36,60,3602737209,Hyde Park town
329,027,572,636,1197,11332,12529,84,398,9642,36,60,3602740299,LaGrange town
330,027,18,24,95,1776,1871,20,83,1631,36,60,3602747207,Milan town
331,027,43,41,288,2176,2464,12,92,1988,36,60,3602751891,North East town
332,027,103,177,828,5690,6518,42,165,5203,36,60,3602756825,Pawling town
333,027,24,17,89,1728,1817,5,58,1624,36,60,3602758156,Pine Plains town
334,027,138,298,557,7290,7847,75,277,6502,36,60,3602758695,Pleasant Valley town
335,027,428,8384,4831,19845,24676,202,997,9834,36,60,3602759641,Poughkeepsie city
336,027,2361,4041,4758,32371,37129,427,1203,24339,36,60,3602759652,Poughkeepsie town
337,027,262,107,524,7634,8158,34,240,6991,36,60,3602760905,Red Hook town
338,027,129,89,380,6173,6553,33,190,5732,36,60,3602761357,Rhinebeck town
339,027,38,120,199,2883,3082,14,107,2604,36,60,3602770662,Stanford town
340,027,70,61,211,3478,3689,18,82,3247,36,60,3602776166,Union Vale town
341,027,1036,1634,3633,19094,22727,192,695,15537,36,60,3602778157,Wappinger town
342,027,53,74,294,3377,3671,18,138,3094,36,60,3602778388,Washington town
506,047,294905,584397,391547,1748824,2140371,25473,84678,759371,36,60,3604710022,Brooklyn borough
590,059,1292,1276,7056,16103,23159,158,367,13010,36,60,3605929113,Glen Cove city
591,059,46175,99885,125615,495295,620910,6566,13922,328747,36,60,3605934000,Hempstead town
592,059,924,1426,4144,25586,29730,258,588,22390,36,60,3605943335,Long Beach city
593,059,40899,9207,25241,160261,185502,1350,4014,104791,36,60,3605953000,North Hempstead town
594,059,34464,5428,22269,217314,239583,1177,4011,172234,36,60,3605956000,Oyster Bay town
595,061,196100,167205,329236,1132504,1461740,12876,45814,710509,36,60,3606144919,Manhattan borough
681,071,336,1068,2723,11327,14050,225,433,9265,36,60,3607107003,Blooming Grove town
682,071,399,802,1653,8140,9793,84,286,6569,36,60,3607115308,Chester town
683,071,313,317,1099,8959,10058,91,319,7919,36,60,3607118300,Cornwall town
684,071,107,272,939,6221,7160,50,221,5571,36,60,3607118916,Crawford town
685,071,296,165,440,5679,6119,62,263,4893,36,60,3607119961,Deerpark town
686,071,373,768,2325,9270,11595,54,242,7833,36,60,3607129553,Goshen town
687,071,54,116,398,3223,3621,37,108,2908,36,60,3607130631,Greenville town
688,071,165,129,565,3735,4300,30,134,3277,36,60,3607131907,Hamptonburgh town
689,071,528,1139,1474,8782,10256,132,330,6653,36,60,3607134550,Highlands town
690,071,963,4783,8976,14052,23028,253,673,7380,36,60,3607147042,Middletown city
691,071,42,101,422,3110,3532,25,78,2864,36,60,3607147713,Minisink town
692,071,886,1098,3487,12319,15806,183,407,9745,36,60,3607147999,Monroe town
693,071,342,1283,2933,15201,18134,127,588,12861,36,60,3607148153,Montgomery town
694,071,231,688,857,4444,5301,55,120,3350,36,60,3607148857,Mount Hope town
695,071,211,5582,10089,10756,20845,165,545,4253,36,60,3607150034,Newburgh city
696,071,774,3238,5038,20704,25742,198,751,15743,36,60,3607150045,Newburgh town
697,071,829,2994,4999,16836,21835,162,640,12211,36,60,3607150848,New Windsor town
698,071,8,43,205,13421,13626,3252,282,9836,36,60,3607156185,Palm Tree town
699,071,138,506,796,5894,6690,122,299,4829,36,60,3607159388,Port Jervis city
700,071,157,134,338,2826,3164,20,56,2459,36,60,3607175781,Tuxedo town
701,071,1005,4440,6029,18174,24203,291,727,11711,36,60,3607177992,Wallkill town
702,071,489,1015,3107,22701,25808,189,679,20329,36,60,3607178366,Warwick town
703,071,152,332,896,4967,5863,47,155,4281,36,60,3607178839,Wawayanda town
704,071,596,760,1761,7013,8774,177,204,5276,36,60,3607182755,Woodbury town
766,079,563,590,3604,23070,26674,138,522,21257,36,60,3607912529,Carmel town
767,079,209,282,1946,8449,10395,80,240,7638,36,60,3607939331,Kent town
768,079,208,394,1921,7579,9500,42,240,6695,36,60,3607956748,Patterson town
769,079,182,117,639,7249,7888,38,220,6692,36,60,3607957584,Philipstown town
770,079,210,227,1317,8037,9354,68,242,7290,36,60,3607960147,Putnam Valley town
771,079,360,358,2930,11529,14459,100,264,10447,36,60,3607968924,Southeast town
772,081,538284,308971,516054,1433415,1949469,50589,64694,470877,36,60,3608160323,Queens borough
789,085,46237,35179,68231,321162,389393,2807,7490,229449,36,60,3608570915,Staten Island borough
790,087,8114,6615,10983,57471,68454,472,1307,40963,36,60,3608715968,Clarkstown town
791,087,1411,4221,13053,16576,29629,162,506,10276,36,60,3608732765,Haverstraw town
792,087,2925,2146,4621,34619,39240,211,769,28568,36,60,3608755211,Orangetown town
793,087,3697,13378,14842,75518,90360,1179,1788,55476,36,60,3608760510,Ramapo town
794,087,406,664,2153,9680,11833,76,266,8268,36,60,3608771674,Stony Point town
924,103,7322,26102,36522,136992,173514,1503,3855,98210,36,60,3610304000,Babylon town
925,103,18962,23621,58329,330329,388658,2499,9623,275624,36,60,3610310000,Brookhaven town
926,103,402,698,5574,17585,23159,181,498,15806,36,60,3610322194,East Hampton town
927,103,10691,6834,21554,141028,162582,860,3074,119569,36,60,3610337000,Huntington town
928,103,8498,21216,84928,180215,265143,2047,4729,143725,36,60,3610338000,Islip town
929,103,0,51,61,261,322,163,22,25,36,60,3610359106,Poospatuck Reservation
930,103,352,1774,5607,23563,29170,148,592,20697,36,60,3610361984,Riverhead town
931,103,45,16,201,2600,2801,4,88,2447,36,60,3610366839,Shelter Island town
932,103,0,29,25,591,616,522,15,25,36,60,3610367059,Shinnecock Reservation
933,103,4275,1227,6845,86018,92863,450,1672,78394,36,60,3610368000,Smithtown town
934,103,939,1961,12001,43610,55611,432,1044,39234,36,60,3610368473,Southampton town
935,103,233,417,2446,17527,19973,80,393,16404,36,60,3610369463,Southold town
936,105,32,72,365,2997,3362,26,103,2764,36,60,3610506310,Bethel town
937,105,57,28,164,2344,2508,14,74,2171,36,60,3610511759,Callicoon town
938,105,7,15,56,1128,1184,7,44,1055,36,60,3610516661,Cochecton town
939,105,20,98,113,1683,1796,11,43,1511,36,60,3610520104,Delaware town
940,105,275,1585,2729,8263,10992,149,299,5955,36,60,3610525241,Fallsburg town
941,105,15,13,26,664,690,4,17,615,36,60,3610526528,Forestburgh town
942,105,10,20,49,941,990,8,23,880,36,60,3610527573,Fremont town
943,105,17,27,108,1758,1866,10,48,1656,36,60,3610534473,Highland town
944,105,140,554,1797,5996,7793,58,305,4939,36,60,3610542235,Liberty town
945,105,24,30,141,1676,1817,16,78,1528,36,60,3610543786,Lumberland town
946,105,165,332,1030,8591,9621,112,428,7554,36,60,3610544809,Mamakating town
947,105,36,34,144,2569,2713,10,71,2418,36,60,3610549847,Neversink town
948,105,48,39,208,2426,2634,16,97,2226,36,60,3610563176,Rockland town
949,105,475,2066,2582,10074,12656,170,534,6829,36,60,3610573627,Thompson town
950,105,24,26,70,1094,1164,5,37,1002,36,60,3610575759,Tusten town
970,111,3,12,21,405,426,6,28,356,36,60,3611120247,Denning town
971,111,91,307,413,7443,7856,45,304,6696,36,60,3611124691,Esopus town
972,111,84,63,315,4248,4563,29,189,3883,36,60,3611128255,Gardiner town
973,111,13,1,11,175,186,0,0,161,36,60,3611132116,Hardenburgh town
974,111,104,92,256,4910,5166,52,152,4510,36,60,3611137143,Hurley town
975,111,462,2272,2687,16530,19217,141,933,12722,36,60,3611139727,Kingston city
976,111,9,6,36,734,770,8,35,676,36,60,3611139738,Kingston town
977,111,261,531,799,8197,8996,77,267,7061,36,60,3611142994,Lloyd town
978,111,85,62,206,4576,4782,33,195,4201,36,60,3611145458,Marbletown town
979,111,76,367,674,6295,6969,24,185,5643,36,60,3611145722,Marlborough town
980,111,702,666,1508,10833,12341,229,366,8870,36,60,3611150562,New Paltz town
981,111,50,40,165,3400,3565,36,155,3119,36,60,3611154749,Olive town
982,111,82,405,1464,6808,8272,75,331,5915,36,60,3611158552,Plattekill town
983,111,95,97,333,5569,5902,49,260,5068,36,60,3611163011,Rochester town
984,111,56,88,254,4591,4845,41,192,4214,36,60,3611163737,Rosendale town
985,111,224,305,970,14743,15713,72,605,13537,36,60,3611165299,Saugerties town
986,111,40,33,152,2284,2436,39,95,2077,36,60,3611166597,Shandaken town
987,111,151,1028,1507,9806,11313,70,268,8289,36,60,3611166674,Shawangunk town
988,111,255,455,795,9643,10438,84,383,8466,36,60,3611175935,Ulster town
989,111,145,1410,2037,8203,10240,106,394,6148,36,60,3611178828,Wawarsing town
990,111,141,87,256,5205,5461,53,167,4757,36,60,3611183052,Woodstock town
1036,119,467,657,2028,11361,13389,86,291,9860,36,60,3611905320,Bedford town
1037,119,1333,2004,5995,27700,33695,218,945,23200,36,60,3611918410,Cortlandt town
1038,119,2298,837,2216,24169,26385,144,549,20341,36,60,3611921820,Eastchester town
1039,119,8967,8315,12003,62936,74939,605,1994,43055,36,60,3611930367,Greenburgh town
1040,119,2003,621,3221,18380,21601,143,556,15057,36,60,3611932413,Harrison town
1041,119,362,168,657,8905,9562,61,269,8045,36,60,3611942136,Lewisboro town
1042,119,1229,711,3956,19406,23362,196,584,16686,36,60,3611944842,Mamaroneck town
1043,119,444,383,3318,5402,8720,45,161,4369,36,60,3611948895,Mount Kisco town
1044,119,2012,1062,6723,27811,34534,187,645,23905,36,60,3611949011,Mount Pleasant town
1045,119,1166,35456,10276,48296,58572,1229,2468,7977,36,60,3611949121,Mount Vernon city
1046,119,1511,203,797,12358,13155,58,313,10273,36,60,3611950078,New Castle town
1047,119,3194,11715,19039,44150,63189,698,1592,26951,36,60,3611950617,New Rochelle city
1048,119,598,150,1029,8306,9335,33,192,7333,36,60,3611951693,North Castle town
1049,119,91,56,392,3799,4191,24,89,3539,36,60,3611953517,North Salem town
1050,119,1745,3468,10325,21460,31785,175,643,15429,36,60,3611955541,Ossining town
1051,119,626,3822,7915,12189,20104,155,567,7019,36,60,3611956979,Peekskill city
1052,119,633,530,1087,8244,9331,132,293,6656,36,60,3611957012,Pelham town
1053,119,128,58,244,3765,4009,15,129,3435,36,60,3611959685,Pound Ridge town
1054,119,820,151,936,10746,11682,48,312,9415,36,60,3611964309,Rye city
1055,119,1477,1426,17427,20631,38058,293,837,16598,36,60,3611964320,Rye town
1056,119,2571,168,594,12009,12603,82,380,8808,36,60,3611965442,Scarsdale town
1057,119,637,220,1313,16077,17390,44,340,14836,36,60,3611968308,Somers town
1058,119,4131,5644,14424,33814,48238,427,1154,22458,36,60,3611981677,White Plains city
1059,119,10843,26163,64473,101530,166003,1582,3358,59584,36,60,3611984000,Yonkers city
1060,119,1529,971,3587,25023,28610,159,565,21799,36,60,3611984077,Yorktown town
23888,000,1283,23,339,3862,4201,29,63,2464,36,160,3601011,Albertson CDP
23899,000,18,32,141,1370,1511,17,29,1274,36,160,3601594,Amagansett CDP
23902,000,137,728,1249,6856,8105,53,149,5789,36,160,3602044,Amityville village
23911,000,25,51,335,1744,2079,8,43,1617,36,160,3602374,Aquebogue CDP
23918,000,6,1,25,487,512,10,4,466,36,160,3602737,Asharoken village
23920,000,22,1,73,1432,1505,16,29,1364,36,160,3602968,Atlantic Beach village
23928,000,245,161,748,8993,9741,48,208,8331,36,160,3603408,Babylon village
23930,000,17,48,208,2075,2283,8,35,1967,36,160,3604055,Baiting Hollow CDP
23931,000,1284,9959,5503,21425,26928,448,901,8833,36,160,3604143,Baldwin CDP
23939,000,135,58,384,1823,2207,27,47,1556,36,160,3604550,Barnum Island CDP
23944,000,56,7,121,670,791,0,20,587,36,160,3604803,Baxter Estates village
23945,000,22,21,138,1565,1703,5,24,1493,36,160,3604891,Bay Park CDP
23946,000,110,123,511,6335,6846,23,140,5939,36,160,3604913,Bayport CDP
23947,000,946,3835,7852,14709,22561,266,523,9139,36,160,3604935,Bay Shore CDP
23948,000,116,29,498,5015,5513,19,90,4761,36,160,3605034,Bayville village
23949,000,224,791,2519,3541,6060,65,184,2277,36,160,3605039,Baywood CDP
23955,000,46,29,90,828,918,11,24,718,36,160,3605639,Bellerose village
23956,000,603,110,494,1323,1817,35,52,523,36,160,3605661,Bellerose Terrace CDP
23957,000,35,8,44,616,660,5,25,543,36,160,3605672,Belle Terre village
23959,000,564,187,1029,11790,12819,41,273,10725,36,160,3605738,Bellmore CDP
23960,000,34,43,81,1759,1840,9,54,1619,36,160,3605771,Bellport village
23964,000,1517,119,1230,12187,13417,49,206,10296,36,160,3606387,Bethpage CDP
23977,000,66,33,190,3990,4180,20,64,3807,36,160,3607069,Blue Point CDP
23978,000,261,126,724,7183,7907,14,122,6660,36,160,3607157,Bohemia CDP
23984,000,920,5423,33972,12327,46299,463,533,4988,36,160,3608026,Brentwood CDP
23990,000,47,175,289,2067,2356,11,44,1790,36,160,3608136,Bridgehampton CDP
23995,000,43,59,163,2288,2451,0,47,2139,36,160,3608323,Brightwaters village
24001,000,27,122,199,2555,2754,19,55,2332,36,160,3609000,Brookhaven CDP
24003,000,299,37,117,2389,2506,6,45,2002,36,160,3610132,Brookville village
24018,000,43,284,721,4265,4986,21,100,3817,36,160,3611781,Calverton CDP
24031,000,0,0,2,39,41,0,1,38,36,160,3612402,Captree CDP
24032,000,389,122,524,3519,4043,45,104,2859,36,160,3612419,Carle Place CDP
24046,000,159,121,749,4267,5016,33,75,3879,36,160,3613233,Cedarhurst village
24049,000,2100,725,3597,21070,24667,115,568,17562,36,160,3613376,Centereach CDP
24050,000,92,187,747,5502,6249,26,148,5049,36,160,3613420,Center Moriches CDP
24051,000,84,19,222,4455,4677,29,97,4226,36,160,3613442,Centerport CDP
24053,000,905,5618,15531,12304,27835,322,602,4857,36,160,3613552,Central Islip CDP
24055,000,12,2,19,315,334,0,2,299,36,160,3613618,Centre Island village
24093,000,90,10,129,2157,2286,5,51,2001,36,160,3616958,Cold Spring Harbor CDP
24096,000,1892,424,1921,26877,28798,140,455,23966,36,160,3617530,Commack CDP
24108,000,445,1413,6975,11816,18791,143,345,9470,36,160,3618146,Copiague CDP
24109,000,1841,3672,5277,27229,32506,213,868,20635,36,160,3618157,Coram CDP
24117,000,0,0,13,205,218,0,5,200,36,160,3618597,Cove Neck village
24131,000,23,36,302,2608,2910,3,35,2511,36,160,3619466,Cutchogue CDP
24138,000,2510,2943,3628,19198,22826,247,477,13021,36,160,3619972,Deer Park CDP
24147,000,4,0,14,25,39,1,1,19,36,160,3620379,Dering Harbor village
24151,000,3365,1055,1515,18831,20346,176,444,13791,36,160,3620687,Dix Hills CDP
24165,000,18,6,113,1730,1843,9,18,1679,36,160,3621578,East Atlantic Beach CDP
24170,000,403,650,1221,4155,5376,48,111,2943,36,160,3621985,East Farmingdale CDP
24174,000,17,24,123,1170,1293,5,21,1103,36,160,3622183,East Hampton village
24175,000,62,184,1741,2476,4217,32,70,2128,36,160,3622200,East Hampton North CDP
24177,000,626,63,205,5069,5274,19,92,4269,36,160,3622260,East Hills village
24178,000,221,152,971,10110,11081,53,227,9457,36,160,3622315,East Islip CDP
24181,000,11,11,85,842,927,8,22,790,36,160,3622447,East Marion CDP
24182,000,432,1918,2039,14027,16066,108,348,11221,36,160,3622480,East Massapequa CDP
24183,000,5009,1317,4352,26090,30442,257,554,18953,36,160,3622502,East Meadow CDP
24184,000,68,88,375,4338,4713,27,74,4081,36,160,3622546,East Moriches CDP
24186,000,489,161,1469,14476,15945,59,276,13491,36,160,3622612,East Northport CDP
24187,000,90,20,136,2069,2205,8,35,1916,36,160,3622623,East Norwich CDP
24188,000,441,797,3526,14049,17575,94,416,12301,36,160,3622733,East Patchogue CDP
24189,000,12,22,220,1673,1893,12,41,1586,36,160,3622810,Eastport CDP
24190,000,62,28,715,3705,4420,19,67,3529,36,160,3622832,East Quogue CDP
24193,000,258,233,1033,7124,8157,24,163,6446,36,160,3622876,East Rockaway village
24194,000,962,93,553,8146,8699,50,148,6893,36,160,3622964,East Setauket CDP
24195,000,149,100,420,4887,5307,24,134,4480,36,160,3622980,East Shoreham CDP
24197,000,224,0,79,1879,1958,0,40,1615,36,160,3623217,East Williston village
24199,000,22,5,39,1071,1110,5,13,1026,36,160,3623316,Eatons Neck CDP
24214,000,4184,12422,6064,22127,28191,666,985,3870,36,160,3624273,Elmont CDP
24216,000,771,443,925,8190,9115,32,193,6751,36,160,3624405,Elwood CDP
24230,000,524,223,966,6230,7196,61,136,5286,36,160,3625384,Farmingdale village
24231,000,532,382,1837,9955,11792,87,313,8641,36,160,3625417,Farmingville CDP
24236,000,11,22,78,590,668,15,23,519,36,160,3625839,Fire Island CDP
24238,000,11,3,17,335,352,2,16,303,36,160,3625923,Fishers Island CDP
24241,000,33,337,1866,1944,3810,31,79,1464,36,160,3626121,Flanders CDP
24243,000,1422,202,1431,11283,12714,63,186,9410,36,160,3626264,Floral Park village
24245,000,671,22,186,3370,3556,22,68,2587,36,160,3626352,Flower Hill village
24257,000,194,67,425,7380,7805,26,150,6943,36,160,3626946,Fort Salonga CDP
24261,000,3028,1062,4360,20578,24938,266,420,15802,36,160,3627309,Franklin Square CDP
24265,000,657,10281,15719,19160,34879,432,899,6891,36,160,3627485,Freeport village
24276,000,1144,165,953,16724,17677,88,255,15072,36,160,3628178,Garden City village
24277,000,2849,195,734,5662,6396,62,148,2408,36,160,3628189,Garden City Park CDP
24278,000,275,30,335,2947,3282,10,48,2584,36,160,3628200,Garden City South CDP
24289,000,2,2,2,169,171,2,3,160,36,160,3628990,Gilgo CDP
24292,000,1292,1276,7056,16103,23159,158,367,13010,36,160,3629113,Glen Cove city
24293,000,240,30,372,3402,3774,27,66,3039,36,160,3629245,Glen Head CDP
24297,000,175,21,222,2865,3087,21,50,2598,36,160,3629421,Glenwood Landing CDP
24300,000,65,1112,987,1945,2932,72,119,577,36,160,3629509,Gordon Heights CDP
24310,000,1062,126,857,7285,8142,60,343,5694,36,160,3630169,Great Neck village
24311,000,410,9,90,2105,2195,20,73,1593,36,160,3630191,Great Neck Estates village
24312,000,253,3,16,871,887,5,19,591,36,160,3630202,Great Neck Gardens CDP
24313,000,1458,118,496,5722,6218,27,119,4000,36,160,3630213,Great Neck Plaza village
24314,000,33,25,115,1576,1691,1,11,1506,36,160,3630235,Great River CDP
24318,000,568,1312,1655,9022,10677,60,222,6860,36,160,3630543,Greenlawn CDP
24319,000,23,158,606,1392,1998,14,63,1134,36,160,3630576,Greenport village
24320,000,29,74,263,1725,1988,8,28,1586,36,160,3630581,Greenport West CDP
24321,000,218,8,85,764,849,5,20,513,36,160,3630598,Greenvale CDP
24334,000,55,38,125,1972,2097,18,40,1821,36,160,3631445,Halesite CDP
24342,000,132,152,4078,8173,12251,79,168,7642,36,160,3631896,Hampton Bays CDP
24348,000,24,0,4,391,395,3,14,350,36,160,3632094,Harbor Hills CDP
24349,000,22,22,92,1047,1139,5,22,976,36,160,3632105,Harbor Isle CDP
24357,000,1106,385,1449,14715,16164,94,256,12874,36,160,3632732,Hauppauge CDP
24361,000,39,4,145,1090,1235,5,37,1005,36,160,3632963,Head of the Harbor village
24363,000,1056,18402,20900,23664,44564,477,1117,2612,36,160,3633139,Hempstead village
24368,000,1876,21,155,3346,3501,44,73,1332,36,160,3634198,Herricks CDP
24371,000,460,231,785,4797,5582,38,118,3950,36,160,3634286,Hewlett CDP
24372,000,32,3,17,341,358,3,14,289,36,160,3634297,Hewlett Bay Park village
24373,000,50,11,45,964,1009,4,26,873,36,160,3634308,Hewlett Harbor village
24374,000,19,12,24,371,395,6,3,331,36,160,3634319,Hewlett Neck village
24375,000,11244,924,5842,29960,35802,272,730,16790,36,160,3634374,Hicksville CDP
24386,000,970,542,2237,19037,21274,118,300,17107,36,160,3635056,Holbrook CDP
24390,000,826,359,1961,13229,15190,67,278,11699,36,160,3635254,Holtsville CDP
24405,000,472,311,1039,15315,16354,77,317,14138,36,160,3636233,Huntington CDP
24406,000,28,4,39,1210,1249,13,30,1135,36,160,3637022,Huntington Bay village
24407,000,1273,2376,10800,15842,26642,164,493,11536,36,160,3637044,Huntington Station CDP
24413,000,368,1517,4192,3967,8159,78,129,1875,36,160,3637583,Inwood CDP
24416,000,191,352,845,2136,2981,22,60,1511,36,160,3637840,Islandia village
24417,000,165,110,1221,2762,3983,53,77,2357,36,160,3637847,Island Park village
24418,000,471,680,2492,12209,14701,101,322,10635,36,160,3637869,Islip CDP
24419,000,96,113,576,3629,4205,28,82,3310,36,160,3638022,Islip Terrace CDP
24422,000,5,17,125,1259,1384,1,15,1221,36,160,3638253,Jamesport CDP
24429,000,4814,216,412,10728,11140,52,150,5496,36,160,3638539,Jericho CDP
24439,000,182,0,13,926,939,7,28,709,36,160,3639309,Kensington village
24444,000,461,150,938,12986,13924,50,230,12095,36,160,3639672,Kings Park CDP
24445,000,237,88,192,4189,4381,20,243,3601,36,160,3639694,Kings Point village
24456,000,775,209,927,8140,9067,30,193,6933,36,160,3640530,Lake Grove village
24463,000,853,494,1824,13128,14952,126,320,11335,36,160,3640838,Lake Ronkonkoma CDP
24464,000,1109,12,66,2059,2125,10,29,899,36,160,3640937,Lake Success village
24465,000,124,3395,803,3929,4732,91,196,123,36,160,3641003,Lakeview CDP
24472,000,62,2,73,1372,1445,8,42,1258,36,160,3641432,Lattingtown village
24473,000,13,5,185,1040,1225,9,22,991,36,160,3641465,Laurel CDP
24474,000,137,10,61,1365,1426,2,39,1177,36,160,3641487,Laurel Hollow village
24476,000,80,70,236,4700,4936,71,71,4408,36,160,3641553,Lawrence village
24480,000,4441,527,6022,35192,41214,235,852,29137,36,160,3642081,Levittown CDP
24483,000,47,10,122,2178,2300,0,32,2089,36,160,3642279,Lido Beach CDP
24489,000,595,490,3118,18874,21992,112,418,17259,36,160,3642554,Lindenhurst village
24498,000,106,9,134,2566,2700,11,58,2382,36,160,3643005,Lloyd Harbor village
24501,000,102,70,597,2156,2753,13,37,1934,36,160,3643192,Locust Valley CDP
24503,000,924,1426,4144,25586,29730,258,588,22390,36,160,3643335,Long Beach city
24509,000,1004,984,2726,13375,16101,115,338,10934,36,160,3643874,Lynbrook village
24525,000,385,350,816,6113,6929,70,111,5197,36,160,3644787,Malverne village
24526,000,38,54,51,385,436,15,11,267,36,160,3644792,Malverne Park Oaks CDP
24529,000,1325,500,636,5671,6307,18,126,3702,36,160,3644897,Manhasset CDP
24530,000,1486,22,150,2692,2842,26,47,1111,36,160,3644908,Manhasset Hills CDP
24533,000,714,83,1783,3536,5319,29,62,2648,36,160,3645106,Manorhaven village
24534,000,203,263,1009,10242,11251,47,249,9480,36,160,3645139,Manorville CDP
24543,000,336,98,1045,15840,16885,45,307,15054,36,160,3645986,Massapequa CDP
24544,000,243,58,834,12607,13441,63,158,12085,36,160,3645997,Massapequa Park village
24546,000,299,1011,3103,8555,11658,122,370,6753,36,160,3646074,Mastic CDP
24547,000,173,1160,2066,8684,10750,109,423,6819,36,160,3646085,Mastic Beach CDP
24548,000,40,1,58,622,680,0,10,571,36,160,3646107,Matinecock village
24549,000,37,58,347,3288,3635,7,68,3118,36,160,3646140,Mattituck CDP
24556,000,635,1217,4170,15232,19402,116,462,12802,36,160,3646404,Medford CDP
24559,000,1567,615,922,14882,15804,67,278,12355,36,160,3646514,Melville CDP
24562,000,722,263,1398,15741,17139,90,246,14420,36,160,3646668,Merrick CDP
24566,000,225,999,908,7784,8692,77,213,6270,36,160,3646976,Middle Island CDP
24572,000,268,138,587,8509,9096,33,157,7913,36,160,3647306,Miller Place CDP
24574,000,53,13,95,743,838,0,19,658,36,160,3647405,Mill Neck village
24579,000,2282,435,3046,14103,17149,165,419,10802,36,160,3647636,Mineola village
24587,000,49,81,641,2997,3638,27,94,2746,36,160,3648054,Montauk CDP
24595,000,43,202,267,2223,2490,23,73,1882,36,160,3648450,Moriches CDP
24605,000,459,134,679,8498,9177,43,139,7723,36,160,3649066,Mount Sinai CDP
24609,000,259,18,94,1866,1960,5,48,1536,36,160,3649231,Munsey Park village
24611,000,939,45,100,2686,2786,13,49,1640,36,160,3649330,Muttontown village
24615,000,11,7,19,284,303,4,7,255,36,160,3649424,Napeague CDP
24625,000,621,170,803,9673,10476,70,189,8623,36,160,3649825,Nesconset CDP
24631,000,356,3890,5470,5029,10499,67,144,572,36,160,3650067,New Cassel CDP
24639,000,3068,143,1031,7136,8167,93,123,3709,36,160,3650397,New Hyde Park village
24644,000,0,1,19,312,331,1,3,307,36,160,3650727,New Suffolk CDP
24652,000,31,6,59,1228,1287,13,29,1149,36,160,3651286,Nissequogue village
24655,000,241,7016,4729,9501,14230,265,436,1543,36,160,3651396,North Amityville CDP
24656,000,10,119,197,376,573,3,10,234,36,160,3651418,Northampton CDP
24657,000,775,1263,2369,12122,14491,103,315,9666,36,160,3651440,North Babylon CDP
24660,000,689,2087,9744,4873,14617,156,227,1714,36,160,3651495,North Bay Shore CDP
24661,000,1111,514,1610,14631,16241,92,304,12610,36,160,3651517,North Bellmore CDP
24662,000,263,1947,3032,5912,8944,143,297,3262,36,160,3651528,North Bellport CDP
24670,000,77,106,507,2952,3459,14,56,2699,36,160,3652078,North Great River CDP
24671,000,15,7,39,908,947,5,18,863,36,160,3652188,North Haven village
24672,000,1498,43,110,4600,4710,15,65,2979,36,160,3653022,North Hills village
24674,000,365,574,2411,7095,9506,85,193,5878,36,160,3653198,North Lindenhurst CDP
24675,000,57,47,86,525,611,4,19,398,36,160,3653231,North Lynbrook CDP
24676,000,355,86,1037,13255,14292,33,177,12604,36,160,3653253,North Massapequa CDP
24677,000,503,220,916,8551,9467,58,149,7621,36,160,3653264,North Merrick CDP
24678,000,5447,82,945,11613,12558,156,175,5753,36,160,3653275,North New Hyde Park CDP
24679,000,103,152,1264,4116,5380,24,94,3743,36,160,3653319,North Patchogue CDP
24680,000,119,46,263,5796,6059,24,91,5516,36,160,3653396,Northport village
24682,000,102,54,727,3665,4392,58,120,3331,36,160,3653561,North Sea CDP
24685,000,2680,6663,2066,12755,14821,362,606,2444,36,160,3653748,North Valley Stream CDP
24687,000,15,17,153,1196,1349,2,26,1136,36,160,3653775,Northville CDP
24688,000,308,110,980,8513,9493,38,110,7947,36,160,3653792,North Wantagh CDP
24689,000,96,72,641,3225,3866,49,84,2924,36,160,3653852,Northwest Harbor CDP
24693,000,58,52,412,3161,3573,19,65,2967,36,160,3654056,Noyack CDP
24696,000,14,2,16,210,226,0,0,194,36,160,3654111,Oak Beach CDP
24697,000,82,73,362,5857,6219,9,91,5602,36,160,3654144,Oakdale CDP
24699,000,0,2,5,132,137,1,4,125,36,160,3654430,Ocean Beach village
24700,000,903,511,3152,22643,25795,168,434,20627,36,160,3654441,Oceanside CDP
24704,000,443,17,239,4929,5168,17,52,4400,36,160,3654551,Old Bethpage CDP
24705,000,223,22,76,1524,1600,13,27,1239,36,160,3654562,Old Brookville village
24706,000,71,2,24,722,746,9,14,626,36,160,3654617,Old Field village
24708,000,761,575,289,3316,3605,20,100,1860,36,160,3654705,Old Westbury village
24717,000,10,2,30,845,875,5,15,813,36,160,3655321,Orient CDP
24729,000,193,187,945,4756,5701,24,122,4230,36,160,3655992,Oyster Bay CDP
24730,000,216,21,78,1704,1782,7,39,1421,36,160,3656011,Oyster Bay Cove village
24740,000,205,528,2556,7746,10302,54,201,6758,36,160,3656660,Patchogue village
24746,000,6,12,57,539,596,5,9,507,36,160,3656968,Peconic CDP
24768,000,614,141,808,6883,7691,46,132,5950,36,160,3658409,Plainedge CDP
24769,000,3918,117,1136,19752,20888,84,307,15326,36,160,3658442,Plainview CDP
24770,000,106,9,47,984,1031,4,10,855,36,160,3658475,Plandome village
24771,000,126,0,47,687,734,10,10,541,36,160,3658486,Plandome Heights village
24772,000,73,2,33,587,620,4,2,506,36,160,3658497,Plandome Manor village
24780,000,14,5,54,1259,1313,1,22,1217,36,160,3658849,Point Lookout CDP
24783,000,77,8,36,711,747,0,10,616,36,160,3659157,Poquott village
24790,000,438,82,490,6100,6590,40,196,5344,36,160,3659355,Port Jefferson village
24791,000,420,237,1099,5194,6293,17,132,4388,36,160,3659377,Port Jefferson Station CDP
24796,000,1160,245,1851,10882,12733,61,259,9157,36,160,3659520,Port Washington CDP
24797,000,238,22,214,2295,2509,18,46,1971,36,160,3659531,Port Washington North village
24808,000,18,34,200,585,785,11,23,499,36,160,3660408,Quiogue CDP
24809,000,45,34,94,1281,1375,23,21,1158,36,160,3660422,Quogue village
24821,000,32,28,244,2254,2498,9,36,2149,36,160,3661142,Remsenburg-Speonk CDP
24831,000,273,521,762,10443,11205,48,212,9389,36,160,3661665,Ridge CDP
24834,000,174,1396,3854,8026,11880,86,258,6112,36,160,3661973,Riverhead CDP
24836,000,22,488,847,1570,2417,23,46,991,36,160,3662066,Riverside CDP
24840,000,518,1071,2184,18137,20321,100,322,16126,36,160,3663264,Rockville Centre village
24841,000,197,128,1050,9512,10562,25,285,8877,36,160,3663319,Rocky Point CDP
24846,000,844,432,1944,13152,15096,206,353,11317,36,160,3663473,Ronkonkoma CDP
24847,000,131,6907,5883,7795,13678,153,350,254,36,160,3663506,Roosevelt CDP
24850,000,349,35,435,2061,2496,12,61,1604,36,160,3663770,Roslyn village
24851,000,117,8,30,980,1010,5,24,826,36,160,3663792,Roslyn Estates village
24852,000,142,2,44,801,845,3,31,623,36,160,3663803,Roslyn Harbor village
24853,000,1596,283,482,4592,5074,47,104,2562,36,160,3663814,Roslyn Heights CDP
24861,000,292,3,26,750,776,9,14,432,36,160,3664232,Russell Gardens village
24865,000,77,1,18,690,708,5,13,594,36,160,3664430,Saddle Rock village
24866,000,32,3,1,305,306,5,11,254,36,160,3664441,Saddle Rock Estates CDP
24867,000,27,5,42,585,627,10,11,532,36,160,3664452,Sagaponack village
24868,000,23,190,219,2077,2296,28,65,1771,36,160,3664485,Sag Harbor village
24870,000,391,94,713,10158,10871,31,181,9461,36,160,3664584,St. James CDP
24876,000,1817,236,1802,8213,10015,66,197,5897,36,160,3664842,Salisbury CDP
24879,000,2,0,3,96,99,0,3,91,36,160,3664881,Saltaire village
24883,000,232,27,72,1971,2043,9,27,1676,36,160,3665035,Sands Point village
24891,000,218,150,756,12513,13269,45,240,11860,36,160,3665409,Sayville CDP
24906,000,121,65,310,3692,4002,17,87,3402,36,160,3666047,Sea Cliff village
24907,000,338,88,870,11278,12148,47,213,10592,36,160,3666058,Seaford CDP
24908,000,1965,51,142,3831,3973,16,78,1721,36,160,3666102,Searingtown CDP
24909,000,1120,675,2876,13911,16787,122,336,11658,36,160,3666212,Selden CDP
24912,000,298,56,196,3022,3218,9,105,2554,36,160,3666465,Setauket CDP
24914,000,17,12,130,1224,1354,2,49,1144,36,160,3666828,Shelter Island CDP
24915,000,24,4,57,1351,1408,1,38,1284,36,160,3666850,Shelter Island Heights CDP
24920,000,37,39,483,1313,1796,15,42,1180,36,160,3667048,Shinnecock Hills CDP
24921,000,566,1314,4244,16172,20416,174,623,13495,36,160,3667070,Shirley CDP
24923,000,12,8,30,423,453,0,15,388,36,160,3667191,Shoreham village
24939,000,776,260,1776,18683,20459,98,416,17133,36,160,3667851,Smithtown CDP
24945,000,113,93,513,5332,5845,34,150,4942,36,160,3668374,Sound Beach CDP
24946,000,106,200,546,3219,3765,42,81,2790,36,160,3668462,Southampton village
24953,000,632,223,1456,10112,11568,58,186,9013,36,160,3669001,South Farmingdale CDP
24954,000,172,687,284,1086,1370,25,68,134,36,160,3669023,South Floral Park village
24956,000,64,388,610,1952,2562,28,58,1414,36,160,3669188,South Hempstead CDP
24958,000,629,164,985,6805,7790,31,155,5826,36,160,3669254,South Huntington CDP
24964,000,70,57,535,4597,5132,18,109,4343,36,160,3669452,Southold CDP
24966,000,1013,1271,586,4371,4957,134,191,1762,36,160,3669892,South Valley Stream CDP
24974,000,114,107,2012,4462,6474,21,144,4076,36,160,3670387,Springs CDP
24982,000,124,30,168,1409,1577,6,31,1218,36,160,3671267,Stewart Manor village
24986,000,1375,179,574,10352,10926,57,213,8528,36,160,3671608,Stony Brook CDP
24987,000,1820,3484,1718,8584,10302,117,532,2631,36,160,3671620,Stony Brook University CDP
24996,000,4753,86,665,13708,14373,65,218,8586,36,160,3672554,Syosset CDP
25002,000,355,310,1640,7476,9116,44,181,6586,36,160,3673352,Terryville CDP
25006,000,900,27,100,2024,2124,21,32,1044,36,160,3673605,Thomaston village
25021,000,33,77,261,998,1259,19,27,842,36,160,3675572,Tuckahoe CDP
25030,000,1038,9403,9445,16791,26236,274,685,5391,36,160,3676089,Uniondale CDP
25034,000,1560,49,248,3231,3479,16,77,1529,36,160,3676287,University Gardens CDP
25035,000,218,26,68,1336,1404,9,25,1058,36,160,3676331,Upper Brookville village
25044,000,4991,7118,7848,24067,31915,781,1067,10110,36,160,3676705,Valley Stream village
25054,000,39,18,71,1288,1359,3,25,1203,36,160,3677519,Village of the Branch village
25059,000,83,114,442,5659,6101,24,144,5294,36,160,3677772,Wading River CDP
25061,000,18,16,113,642,755,9,12,587,36,160,3677805,Wainscott CDP
25070,000,392,46,930,13516,14446,53,218,12807,36,160,3678146,Wantagh CDP
25082,000,71,17,142,1915,2057,7,54,1766,36,160,3678575,Water Mill CDP
25097,000,1142,4039,5677,28955,34632,202,801,22771,36,160,3679246,West Babylon CDP
25098,000,110,100,327,3423,3750,15,78,3120,36,160,3679301,West Bay Shore CDP
25099,000,1263,2309,3633,9144,12777,128,323,5121,36,160,3679444,Westbury village
25109,000,39,69,440,2492,2932,23,53,2308,36,160,3680170,Westhampton CDP
25110,000,37,26,217,1538,1755,8,26,1441,36,160,3680181,Westhampton Beach village
25111,000,2,0,2,103,105,0,0,101,36,160,3680186,West Hampton Dunes village
25113,000,1173,1732,2888,12406,15294,202,333,8966,36,160,3680225,West Hempstead CDP
25114,000,309,89,386,4081,4467,20,62,3601,36,160,3680258,West Hills CDP
25116,000,413,138,1872,19575,21447,51,340,18633,36,160,3680302,West Islip CDP
25125,000,59,39,217,3731,3948,11,72,3550,36,160,3680885,West Sayville CDP
25130,000,312,2014,618,3324,3942,64,141,793,36,160,3681419,Wheatley Heights CDP
25139,000,1058,65,538,5514,6052,48,129,4214,36,160,3682117,Williston Park village
25151,000,1187,117,460,7050,7510,28,58,5660,36,160,3682744,Woodbury CDP
25153,000,513,601,710,11757,12467,150,195,10298,36,160,3682942,Woodmere CDP
25155,000,30,3,21,644,665,6,9,596,36,160,3682986,Woodsburgh village
25161,000,132,4799,3721,5651,9372,130,254,336,36,160,3683294,Wyandanch CDP
25164,000,132,225,548,4352,4900,44,155,3796,36,160,3683426,Yaphank CDP
46,003,612,38,326,4893,5219,14,103,4126,34,60,3400300700,Allendale borough
47,003,459,41,89,1314,1403,3,29,782,34,60,3400301090,Alpine borough
48,003,5993,1529,6721,15235,21956,202,313,7198,34,60,3400305170,Bergenfield borough
49,003,613,464,3368,3616,6984,77,132,2330,34,60,3400306490,Bogota borough
50,003,513,95,1155,4047,5202,38,92,3309,34,60,3400310480,Carlstadt borough
51,003,3289,540,6801,14305,21106,277,549,9650,34,60,3400313570,Cliffside Park borough
52,003,2184,66,513,5938,6451,25,149,3514,34,60,3400313810,Closter borough
53,003,2012,57,445,6323,6768,15,115,4124,34,60,3400315820,Cresskill borough
54,003,1130,31,186,3506,3692,23,78,2244,34,60,3400317530,Demarest borough
55,003,2493,370,2732,11519,14251,79,282,8295,34,60,3400318400,Dumont borough
56,003,1270,347,1936,6298,8234,92,157,4432,34,60,3400319510,East Rutherford borough
57,003,4005,622,1501,10116,11617,77,270,5142,34,60,3400320020,Edgewater borough
58,003,1929,1099,4434,12765,17199,201,302,9234,34,60,3400321300,Elmwood Park borough
59,003,567,81,622,5133,5755,18,101,4366,34,60,3400321450,Emerson borough
60,003,2521,5934,7300,15913,23213,251,553,6654,34,60,3400321480,Englewood city
61,003,1982,76,260,3969,4229,14,49,1848,34,60,3400321510,Englewood Cliffs borough
62,003,3297,600,3758,23254,27012,125,460,18772,34,60,3400322470,Fair Lawn borough
63,003,618,202,7516,4170,11686,172,234,2944,34,60,3400322560,Fairview borough
64,003,13804,941,4152,29170,33322,195,557,13673,34,60,3400324420,Fort Lee borough
65,003,833,119,539,8024,8563,29,135,6908,34,60,3400324990,Franklin Lakes borough
66,003,803,1237,9208,16029,25237,163,305,13521,34,60,3400325770,Garfield city
67,003,1076,133,519,8172,8691,25,179,6759,34,60,3400326640,Glen Rock borough
68,003,4031,7923,14785,23197,37982,362,678,10203,34,60,3400328680,Hackensack city
69,003,743,18,185,3403,3588,14,65,2563,34,60,3400330150,Harrington Park borough
70,003,1131,270,1814,7858,9672,58,176,6223,34,60,3400330420,Hasbrouck Heights borough
71,003,416,38,122,2431,2553,10,54,1913,34,60,3400330540,Haworth borough
72,003,566,78,742,7077,7819,40,125,6268,34,60,3400331920,Hillsdale borough
73,003,236,22,184,2915,3099,19,32,2606,34,60,3400332310,Ho-Ho-Kus borough
74,003,2997,169,1207,6070,7277,26,123,2755,34,60,3400340020,Leonia borough
75,003,2323,390,2666,6386,9052,65,169,3439,34,60,3400340680,Little Ferry borough
76,003,1802,1592,8003,13001,21004,137,354,9116,34,60,3400341100,Lodi borough
77,003,1377,505,4506,13882,18388,149,390,11461,34,60,3400342090,Lyndhurst township
78,003,2196,592,1637,19726,21363,147,453,16338,34,60,3400342750,Mahwah township
79,003,1142,450,1897,6183,8080,66,131,4394,34,60,3400344880,Maywood borough
80,003,189,59,489,5096,5585,24,88,4736,34,60,3400346110,Midland Park borough
81,003,938,98,436,6056,6492,15,110,4895,34,60,3400347610,Montvale borough
82,003,270,15,939,1547,2486,14,33,1215,34,60,3400347700,Moonachie borough
83,003,2824,618,2410,11166,13576,98,276,7350,34,60,3400351660,New Milford borough
84,003,956,230,3869,9578,13447,115,341,7936,34,60,3400352320,North Arlington borough
85,003,974,41,411,3350,3761,13,82,2240,34,60,3400353430,Northvale borough
86,003,1366,51,284,4146,4430,5,68,2656,34,60,3400353610,Norwood borough
87,003,479,104,791,9160,9951,33,226,8318,34,60,3400353850,Oakland borough
88,003,1183,44,271,4279,4550,7,79,2966,34,60,3400354870,Old Tappan borough
89,003,896,51,502,5793,6295,27,101,4718,34,60,3400354990,Oradell borough
90,003,10443,213,3516,13422,16938,64,166,2536,34,60,3400355770,Palisades Park borough
91,003,5459,356,2053,19538,21591,114,557,13052,34,60,3400355950,Paramus borough
92,003,501,77,621,6490,7111,27,111,5774,34,60,3400356130,Park Ridge borough
93,003,893,100,905,10517,11422,51,180,9293,34,60,3400361680,Ramsey borough
94,003,2781,153,2489,6841,9330,93,156,3658,34,60,3400362910,Ridgefield borough
95,003,1207,523,4629,5972,10601,68,225,3949,34,60,3400362940,Ridgefield Park village
96,003,3150,266,1309,17149,18458,65,449,13219,34,60,3400363000,Ridgewood village
97,003,2427,213,957,8107,9064,33,149,5285,34,60,3400363360,River Edge borough
98,003,736,95,502,7215,7717,27,131,6226,34,60,3400363690,River Vale township
99,003,510,163,1157,3654,4811,25,99,2857,34,60,3400363990,Rochelle Park township
100,003,27,9,15,335,350,1,7,291,34,60,3400364170,Rockleigh borough
101,003,2115,551,2537,12507,15044,126,418,9297,34,60,3400365280,Rutherford borough
102,003,1015,361,1967,9619,11586,42,173,8028,34,60,3400365340,Saddle Brook township
103,003,367,54,156,2645,2801,23,55,2146,34,60,3400365400,Saddle River borough
104,003,148,102,895,1229,2124,13,29,937,34,60,3400368970,South Hackensack township
105,003,3579,7636,6554,25214,31768,441,917,12641,34,60,3400372360,Teaneck township
106,003,3216,162,756,10107,10863,59,234,6436,34,60,3400372420,Tenafly borough
107,003,1,5,16,28,44,0,1,21,34,60,3400372480,Teterboro borough
108,003,898,94,354,5898,6252,21,145,4740,34,60,3400375140,Upper Saddle River borough
109,003,488,86,870,6810,7680,19,124,6093,34,60,3400376400,Waldwick borough
110,003,576,271,1677,8035,9712,81,120,6987,34,60,3400376490,Wallington borough
111,003,461,68,526,6826,7352,13,112,6172,34,60,3400377135,Washington township
112,003,724,373,1160,7822,8982,26,202,6497,34,60,3400380270,Westwood borough
113,003,402,46,282,4413,4695,14,89,3862,34,60,3400382300,Woodcliff Lake borough
114,003,1310,266,1264,6867,8131,62,127,5102,34,60,3400382570,Wood-Ridge borough
115,003,654,63,955,11612,12567,19,242,10634,34,60,3400383050,Wyckoff township
225,013,3584,2512,14399,16333,30732,411,626,9200,34,60,3401304695,Belleville township
226,013,3817,8009,11794,30956,42750,598,1347,17185,34,60,3401306260,Bloomfield township
227,013,468,388,968,6511,7479,45,140,5470,34,60,3401309250,Caldwell borough
228,013,837,268,1078,9432,10510,63,219,8045,34,60,3401311200,Cedar Grove township
229,013,251,16778,6973,19097,26070,209,943,916,34,60,3401313045,City of Orange township
230,013,428,42375,6278,47318,53596,613,2643,1259,34,60,3401319390,East Orange city
231,013,72,18,83,1594,1677,4,35,1465,34,60,3401321840,Essex Fells borough
232,013,275,24,475,5704,6179,19,99,5287,34,60,3401322385,Fairfield township
233,013,424,232,329,5112,5441,30,202,4224,34,60,3401326610,Glen Ridge borough
234,013,361,36682,6168,39947,46115,373,1646,885,34,60,3401334450,Irvington township
235,013,6348,693,1094,22229,23323,140,384,14664,34,60,3401340890,Livingston township
236,013,782,6048,1435,17341,18776,140,743,9628,34,60,3401343800,Maplewood township
237,013,4627,332,652,14635,15287,92,369,9215,34,60,3401346380,Millburn township
238,013,1633,7432,3062,28318,31380,360,1255,17638,34,60,3401347500,Montclair township
239,013,4188,111203,82955,152171,235126,5934,9609,21237,34,60,3401351000,Newark city
240,013,381,57,285,4758,5043,8,93,4219,34,60,3401352620,North Caldwell borough
241,013,2755,761,4083,19989,24072,147,472,15854,34,60,3401353680,Nutley township
242,013,421,152,278,4859,5137,26,93,4167,34,60,3401364590,Roseland borough
243,013,1036,3172,1227,13333,14560,228,512,8385,34,60,3401369274,South Orange Village township
244,013,552,273,921,10398,11319,44,229,9300,34,60,3401375815,Verona township
245,013,376,111,647,7950,8597,44,188,7231,34,60,3401378510,West Caldwell township
246,013,2965,10655,6783,31556,38339,356,1273,16307,34,60,3401379800,West Orange township
271,017,5505,5500,15855,39992,55847,494,1314,27179,34,60,3401703580,Bayonne city
272,017,231,49,1228,829,2057,58,57,434,34,60,3401719360,East Newark borough
273,017,921,304,6067,3526,9593,67,124,2110,34,60,3401728650,Guttenberg town
274,017,4391,642,5864,10240,16104,401,646,4160,34,60,3401730210,Harrison town
275,017,5513,1885,6738,44284,51022,411,1291,35184,34,60,3401732250,Hoboken city
276,017,68293,42352,55476,180269,235745,3750,6586,59288,34,60,3401736000,Jersey City city
277,017,1761,1118,15360,18139,33499,1038,1610,12612,34,60,3401736510,Kearny town
278,017,3692,1231,35685,15580,51265,409,658,9590,34,60,3401752470,North Bergen township
279,017,5635,760,3643,14475,18118,107,316,7657,34,60,3401766570,Secaucus town
280,017,2082,1149,43377,9723,53100,343,520,5629,34,60,3401774630,Union City city
281,017,2216,571,4531,9831,14362,99,346,6599,34,60,3401777930,Weehawken township
282,017,3151,1071,31343,10696,42039,301,490,5683,34,60,3401779610,West New York town
283,019,78,55,191,3674,3865,31,104,3406,34,60,3401900550,Alexandria township
284,019,72,28,129,2844,2973,8,71,2665,34,60,3401905650,Bethlehem township
285,019,11,18,36,622,658,4,16,573,34,60,3401906370,Bloomsbury borough
286,019,11,1,27,770,797,6,26,726,34,60,3401909280,Califon borough
287,019,175,42,198,1964,2162,14,45,1688,34,60,3401913720,Clinton town
288,019,588,723,814,10126,10940,49,262,8504,34,60,3401913750,Clinton township
289,019,44,25,182,3614,3796,17,86,3442,34,60,3401917170,Delaware township
290,019,60,31,134,3143,3277,23,71,2958,34,60,3401918820,East Amwell township
291,019,249,96,1228,2363,3591,11,72,1935,34,60,3401923700,Flemington borough
292,019,51,21,145,2526,2671,19,91,2344,34,60,3401924870,Franklin township
293,019,17,13,69,1041,1110,13,31,967,34,60,3401925350,Frenchtown borough
294,019,15,44,100,1264,1364,13,32,1160,34,60,3401926550,Glen Gardner borough
295,019,31,22,99,1070,1169,7,34,976,34,60,3401929460,Hampton borough
296,019,88,28,217,2568,2785,7,65,2380,34,60,3401931320,High Bridge borough
297,019,40,24,154,4027,4181,9,102,3852,34,60,3401932460,Holland township
298,019,33,33,89,3009,3098,7,87,2849,34,60,3401937065,Kingwood township
299,019,55,64,356,3207,3563,14,76,2998,34,60,3401938610,Lambertville city
300,019,56,49,91,1289,1380,1,35,1148,34,60,3401939630,Lebanon borough
301,019,100,44,224,4787,5011,30,125,4488,34,60,3401939660,Lebanon township
302,019,5,9,55,941,996,6,20,901,34,60,3401946260,Milford borough
303,019,1594,450,1269,17142,18411,79,427,14592,34,60,3401961920,Raritan township
304,019,615,166,825,12225,13050,25,275,11144,34,60,3401962250,Readington township
305,019,8,0,9,421,430,1,12,400,34,60,3401970980,Stockton borough
306,019,181,49,223,4542,4765,31,116,4165,34,60,3401972510,Tewksbury township
307,019,195,459,443,5110,5553,20,106,4330,34,60,3401974420,Union township
308,019,57,52,120,2304,2424,6,47,2142,34,60,3401978230,West Amwell township
309,021,5501,2075,5442,18254,23696,141,464,10073,34,60,3402119780,East Windsor township
310,021,1681,9278,3668,28042,31710,232,860,15991,34,60,3402122185,Ewing township
311,021,3435,9068,12512,62046,74558,292,1658,47593,34,60,3402129310,Hamilton township
312,021,272,327,1462,3090,4552,24,134,2333,34,60,3402131620,Hightstown borough
313,021,27,27,67,1444,1511,8,44,1338,34,60,3402133150,Hopewell borough
314,021,1459,486,713,12928,13641,61,347,10575,34,60,3402133180,Hopewell township
315,021,4681,3065,2651,24380,27031,145,743,15746,34,60,3402139510,Lawrence township
316,021,68,37,43,2066,2109,4,46,1911,34,60,3402157600,Pennington borough
317,021,5540,1459,2277,22927,25204,151,960,14817,34,60,3402160900,Princeton
318,021,2887,371,527,10922,11449,58,246,7360,34,60,3402163850,Robbinsville township
319,021,493,29219,27944,39145,67089,399,1284,7750,34,60,3402174000,Trenton city
320,021,11032,874,1047,21075,22122,95,450,8624,34,60,3402180240,West Windsor township
321,023,4407,2906,6802,12773,19575,162,377,4921,34,60,3402310750,Carteret borough
322,023,593,77,119,2821,2940,11,47,2093,34,60,3402315550,Cranbury township
323,023,322,510,1956,3846,5802,63,156,2795,34,60,3402318490,Dunellen borough
324,023,10436,1617,3274,35453,38727,254,815,22331,34,60,3402319000,East Brunswick township
325,023,42389,5973,7768,75082,82850,518,1407,24795,34,60,3402320230,Edison township
326,023,103,81,191,1832,2023,12,61,1575,34,60,3402330840,Helmetta borough
327,023,2144,1020,1626,10397,12023,132,335,6766,34,60,3402331470,Highland Park borough
328,023,223,314,1265,3232,4497,36,126,2533,34,60,3402334890,Jamesburg borough
329,023,2109,531,1009,10591,11600,67,342,7542,34,60,3402345690,Metuchen borough
330,023,913,667,2666,8832,11498,61,240,6951,34,60,3402345900,Middlesex borough
331,023,202,133,557,4903,5460,25,122,4421,34,60,3402346620,Milltown borough
332,023,9052,1408,2029,38139,40168,147,559,26973,34,60,3402347280,Monroe township
333,023,5521,5248,21332,21683,43015,651,587,9676,34,60,3402351210,New Brunswick city
334,023,8926,5971,7502,27193,34695,403,761,11132,34,60,3402352560,North Brunswick township
335,023,8182,3752,6811,47381,54192,353,1220,33874,34,60,3402354705,Old Bridge township
336,023,534,2709,33672,7377,41049,239,360,3535,34,60,3402358200,Perth Amboy city
337,023,19869,9462,6154,44088,50242,837,1042,12878,34,60,3402359010,Piscataway township
338,023,9898,1296,1113,17702,18815,99,364,6045,34,60,3402359280,Plainsboro township
339,023,5880,4298,5535,30310,35845,312,840,18980,34,60,3402365790,Sayreville borough
340,023,400,388,1442,6123,7565,43,175,5117,34,60,3402368550,South Amboy city
341,023,16470,2651,2463,33857,36320,149,688,13899,34,60,3402368790,South Brunswick township
342,023,3597,1976,3225,16104,19329,277,476,9778,34,60,3402369390,South Plainfield borough
343,023,728,787,2887,9813,12700,321,597,7380,34,60,3402369420,South River borough
344,023,420,204,645,6001,6646,19,183,5175,34,60,3402369810,Spotswood borough
345,023,20983,8045,16295,66138,82433,630,1709,34771,34,60,3402382000,Woodbridge township
346,025,0,0,0,0,0,0,0,0,34,60,3402500000,County subdivisions not defined
347,025,919,1505,1871,13720,15591,110,451,10735,34,60,3402500070,Aberdeen township
348,025,3,2,14,388,402,0,6,377,34,60,3402500730,Allenhurst borough
349,025,23,51,69,1305,1374,3,42,1186,34,60,3402500760,Allentown borough
350,025,144,3853,2805,9449,12254,79,363,5010,34,60,3402501960,Asbury Park city
351,025,73,41,256,3381,3637,5,95,3167,34,60,3402502110,Atlantic Highlands borough
352,025,19,22,104,1586,1690,1,33,1511,34,60,3402502440,Avon-by-the-Sea borough
353,025,61,80,637,4468,5105,32,89,4206,34,60,3402504930,Belmar borough
354,025,45,72,609,3122,3731,14,85,2906,34,60,3402506970,Bradley Beach borough
355,025,30,63,151,3843,3994,20,83,3647,34,60,3402507750,Brielle borough
356,025,403,63,379,7272,7651,37,123,6646,34,60,3402514560,Colts Neck township
357,025,5,6,88,635,723,12,17,595,34,60,3402516660,Deal borough
358,025,1053,1310,1453,9706,11159,174,607,6562,34,60,3402519840,Eatontown borough
359,025,154,57,237,1572,1809,5,37,1319,34,60,3402521570,Englishtown borough
360,025,76,65,136,4167,4303,13,93,3920,34,60,3402522440,Fair Haven borough
361,025,38,52,106,1095,1201,1,50,954,34,60,3402522950,Farmingdale borough
362,025,290,908,4487,4993,9480,65,188,3542,34,60,3402525200,Freehold borough
363,025,2091,1295,2502,25648,28150,140,619,21503,34,60,3402525230,Freehold township
364,025,590,257,1611,14634,16245,75,344,13368,34,60,3402530690,Hazlet township
365,025,49,63,263,3813,4076,29,121,3551,34,60,3402531500,Highlands borough
366,025,2818,138,628,12746,13374,56,288,9446,34,60,3402532640,Holmdel township
367,025,2075,1544,4236,37644,41880,227,1046,32752,34,60,3402533300,Howell township
368,025,4,0,14,693,707,7,16,666,34,60,3402534200,Interlaken borough
369,025,206,623,1263,6280,7543,34,262,5155,34,60,3402536480,Keansburg borough
370,025,205,315,1108,4819,5927,17,155,4127,34,60,3402536810,Keyport borough
371,025,28,58,234,1195,1429,8,31,1070,34,60,3402537560,Lake Como borough
372,025,114,23,163,4425,4588,11,96,4181,34,60,3402540770,Little Silver borough
373,025,5,0,5,185,190,1,2,177,34,60,3402541010,Loch Arbour village
374,025,526,2529,7096,17613,24709,1195,2139,11224,34,60,3402541310,Long Branch city
375,025,2714,715,2137,29972,32109,133,598,25812,34,60,3402542990,Manalapan township
376,025,43,5,287,4578,4865,5,76,4449,34,60,3402543050,Manasquan borough
377,025,6772,577,1576,30428,32004,112,512,22455,34,60,3402544070,Marlboro township
378,025,473,560,956,6641,7597,66,224,5318,34,60,3402544520,Matawan borough
379,025,1548,650,3424,49293,52717,221,1075,45799,34,60,3402545990,Middletown township
380,025,503,330,565,7558,8123,44,208,6473,34,60,3402546560,Millstone township
381,025,36,6,95,2594,2689,25,43,2484,34,60,3402547130,Monmouth Beach borough
382,025,633,7548,2789,20384,23173,138,764,11301,34,60,3402549890,Neptune township
383,025,72,482,455,3488,3943,17,150,2767,34,60,3402549920,Neptune City borough
384,025,1350,1999,2158,20092,22250,234,634,15875,34,60,3402554270,Ocean township
385,025,59,63,463,4464,4927,37,116,4189,34,60,3402554570,Oceanport borough
386,025,215,785,3127,7083,10210,43,237,5803,34,60,3402562430,Red Bank borough
387,025,12,20,68,609,677,7,24,546,34,60,3402564410,Roosevelt borough
388,025,69,16,184,5000,5184,24,111,4780,34,60,3402565130,Rumson borough
389,025,34,13,61,1265,1326,3,34,1181,34,60,3402566240,Sea Bright borough
390,025,1,5,45,1578,1623,7,15,1550,34,60,3402566330,Sea Girt borough
391,025,78,43,95,3112,3207,21,67,2903,34,60,3402567350,Shrewsbury borough
392,025,80,127,146,747,893,5,38,497,34,60,3402567365,Shrewsbury township
393,025,30,11,61,2338,2399,9,30,2258,34,60,3402570110,Spring Lake borough
394,025,40,15,170,4000,4170,13,66,3866,34,60,3402570140,Spring Lake Heights borough
395,025,859,1350,1213,14798,16011,87,384,12118,34,60,3402573020,Tinton Falls borough
396,025,106,83,506,4059,4565,32,126,3712,34,60,3402574540,Union Beach borough
397,025,330,118,300,5286,5586,26,127,4685,34,60,3402574900,Upper Freehold township
398,025,365,309,1056,20439,21495,75,431,19259,34,60,3402576460,Wall township
399,025,125,250,598,6407,7005,106,307,5619,34,60,3402579310,West Long Branch borough
400,027,728,314,983,6062,7045,36,221,4763,34,60,3402706610,Boonton town
401,027,222,41,194,3272,3466,5,79,2925,34,60,3402706640,Boonton township
402,027,220,87,979,5531,6510,10,126,5088,34,60,3402709040,Butler borough
403,027,589,68,458,6055,6513,43,170,5185,34,60,3402712100,Chatham borough
404,027,943,63,325,7653,7978,42,135,6470,34,60,3402712130,Chatham township
405,027,44,1,188,1114,1302,0,36,1033,34,60,3402712580,Chester borough
406,027,290,67,350,5524,5874,16,161,4990,34,60,3402712610,Chester township
407,027,1055,238,847,12702,13549,52,352,11005,34,60,3402717650,Denville township
408,027,345,655,10976,3568,14544,43,133,2392,34,60,3402718070,Dover town
409,027,1187,119,601,8501,9102,24,106,7065,34,60,3402719210,East Hanover township
410,027,846,586,727,9638,10365,47,238,7921,34,60,3402723910,Florham Park borough
411,027,1571,244,742,11153,11895,40,249,9049,34,60,3402729550,Hanover township
412,027,142,28,126,2980,3106,10,84,2716,34,60,3402729700,Harding township
413,027,657,277,1395,15158,16553,114,381,13729,34,60,3402734980,Jefferson township
414,027,464,64,458,7264,7722,39,167,6530,34,60,3402737110,Kinnelon borough
415,027,614,304,1040,7973,9013,61,181,6813,34,60,3402740290,Lincoln Park borough
416,027,554,58,622,6124,6746,52,151,5309,34,60,3402741362,Long Hill township
417,027,995,405,1510,11536,13046,61,309,9766,34,60,3402742510,Madison borough
418,027,126,23,197,3661,3858,16,70,3426,34,60,3402745330,Mendham borough
419,027,264,60,203,4266,4469,31,133,3778,34,60,3402745360,Mendham township
420,027,177,155,963,2330,3293,21,84,1893,34,60,3402746860,Mine Hill township
421,027,3636,248,1060,16513,17573,76,327,12226,34,60,3402747670,Montville township
422,027,1155,856,1725,16632,18357,89,431,14101,34,60,3402748090,Morris township
423,027,375,172,425,4450,4875,8,103,3792,34,60,3402748210,Morris Plains borough
424,027,878,1632,5383,11287,16670,123,368,8286,34,60,3402748300,Morristown town
425,027,478,11,133,3008,3141,11,86,2422,34,60,3402748480,Mountain Lakes borough
426,027,273,157,505,4545,5050,23,119,3973,34,60,3402748690,Mount Arlington borough
427,027,2247,1371,3100,19374,22474,115,614,15027,34,60,3402749080,Mount Olive township
428,027,98,114,576,2160,2736,23,62,1863,34,60,3402750130,Netcong borough
429,027,16700,1581,4146,41138,45284,274,969,21614,34,60,3402756460,Parsippany-Troy Hills township
430,027,328,81,817,11878,12695,27,210,11232,34,60,3402758110,Pequannock township
431,027,2404,586,2720,17527,20247,93,508,13936,34,60,3402761890,Randolph township
432,027,183,61,302,3179,3481,10,62,2863,34,60,3402763300,Riverdale borough
433,027,455,144,991,4335,5326,30,104,3602,34,60,3402764050,Rockaway borough
434,027,1560,588,2853,17488,20341,83,446,14811,34,60,3402764080,Rockaway township
435,027,1063,496,2316,15952,18268,78,402,13913,34,60,3402764980,Roxbury township
436,027,32,129,854,335,1189,6,14,154,34,60,3402775890,Victory Gardens borough
437,027,586,228,896,13237,14133,63,301,12059,34,60,3402777240,Washington township
438,027,335,176,2719,3085,5804,39,129,2406,34,60,3402780390,Wharton borough
439,029,0,0,0,0,0,0,0,0,34,60,3402900000,County subdivisions not defined
440,029,380,687,1637,18161,19798,67,523,16504,34,60,3402903050,Barnegat township
441,029,1,0,21,575,596,2,9,563,34,60,3402903130,Barnegat Light borough
442,029,10,4,23,780,803,0,11,755,34,60,3402903520,Bay Head borough
443,029,0,2,72,855,927,1,9,843,34,60,3402903940,Beach Haven borough
444,029,132,176,812,7508,8320,35,204,6961,34,60,3402904180,Beachwood borough
445,029,547,828,2608,35609,38217,113,721,33400,34,60,3402905305,Berkeley township
446,029,1094,1494,5604,55342,60946,236,1513,51005,34,60,3402907420,Brick township
447,029,10,2,81,1303,1384,9,32,1250,34,60,3402918670,Eagleswood township
448,029,2,0,6,345,351,0,2,341,34,60,3402930390,Harvey Cedars borough
449,029,14,8,36,1337,1373,13,36,1266,34,60,3402934530,Island Heights borough
450,029,1286,2204,5061,39591,44652,255,1190,34656,34,60,3402934680,Jackson township
451,029,266,160,1315,21811,23126,99,563,20723,34,60,3402937380,Lacey township
452,029,63,166,347,1697,2044,8,70,1390,34,60,3402937770,Lakehurst borough
453,029,612,2756,9992,60401,70393,1006,1006,55021,34,60,3402938550,Lakewood township
454,029,6,6,55,1587,1642,4,37,1534,34,60,3402939390,Lavallette borough
455,029,187,258,1038,16237,17275,72,467,15253,34,60,3402940560,Little Egg Harbor township
456,029,28,2,82,2826,2908,8,43,2745,34,60,3402941250,Long Beach township
457,029,883,1540,2623,38487,41110,144,854,35066,34,60,3402943140,Manchester township
458,029,3,0,12,284,296,2,3,276,34,60,3402943380,Mantoloking borough
459,029,58,60,285,7374,7659,23,158,7075,34,60,3402954300,Ocean township
460,029,5,34,108,1505,1613,2,76,1388,34,60,3402954450,Ocean Gate borough
461,029,29,10,68,1665,1733,8,55,1563,34,60,3402958590,Pine Beach borough
462,029,53,86,472,6040,6512,33,244,5624,34,60,3402959790,Plumsted township
463,029,119,37,876,14177,15053,63,244,13714,34,60,3402959880,Point Pleasant borough
464,029,40,28,355,3688,4043,12,83,3525,34,60,3402959910,Point Pleasant Beach borough
465,029,32,88,372,1599,1971,14,80,1385,34,60,3402966450,Seaside Heights borough
466,029,8,4,43,1285,1328,6,26,1241,34,60,3402966480,Seaside Park borough
467,029,9,1,43,939,982,2,11,916,34,60,3402967110,Ship Bottom borough
468,029,57,395,652,2000,2652,13,112,1423,34,60,3402969510,South Toms River borough
469,029,348,236,1638,21248,22886,41,513,20110,34,60,3402970320,Stafford township
470,029,8,1,20,1101,1121,0,8,1084,34,60,3402971640,Surf City borough
471,029,3036,2312,7845,68068,75913,358,1729,60633,34,60,3402973125,Toms River township
472,029,37,34,204,2769,2973,15,78,2605,34,60,3402974210,Tuckerton borough
473,031,230,82,847,5610,6457,47,159,5092,34,60,3403106340,Bloomingdale borough
474,031,7111,3178,27087,44468,71555,445,1255,32479,34,60,3403113690,Clifton city
475,031,470,794,3293,3680,6973,55,134,2227,34,60,3403129070,Haledon borough
476,031,469,462,3313,12475,15788,84,294,11166,34,60,3403130570,Hawthorne borough
477,031,615,809,1760,9594,11354,44,237,7889,34,60,3403140620,Little Falls township
478,031,290,247,845,6602,7447,14,137,5914,34,60,3403153040,North Haledon borough
479,031,2209,3238,36039,13226,49265,417,499,6863,34,60,3403156550,Passaic city
480,031,5622,28246,72337,45948,118285,787,1560,9733,34,60,3403157000,Paterson city
481,031,480,136,1487,7390,8877,40,195,6539,34,60,3403160090,Pompton Lakes borough
482,031,220,734,2725,1965,4690,20,56,935,34,60,3403161170,Prospect Park borough
483,031,158,127,754,8602,9356,131,274,7912,34,60,3403163150,Ringwood borough
484,031,664,187,1802,7214,9016,35,152,6176,34,60,3403173140,Totowa borough
485,031,455,236,1180,8219,9399,64,221,7243,34,60,3403176730,Wanaque borough
486,031,4038,1450,4637,39404,44041,160,810,32946,34,60,3403177840,Wayne township
487,031,320,246,1524,18830,20354,159,565,17540,34,60,3403179460,West Milford township
488,031,563,443,2738,8221,10959,43,210,6962,34,60,3403182423,Woodland Park borough
504,035,725,129,591,6475,7066,29,152,5440,34,60,3403504450,Bedminster township
505,035,4697,362,1095,20053,21148,74,492,14428,34,60,3403505560,Bernards township
506,035,261,43,874,5012,5886,14,113,4581,34,60,3403505590,Bernardsville borough
507,035,408,732,4665,4620,9285,113,170,3197,34,60,3403506790,Bound Brook borough
508,035,1260,345,764,11184,11948,52,290,9237,34,60,3403507180,Branchburg township
509,035,8108,996,3191,32735,35926,173,714,22744,34,60,3403507720,Bridgewater township
510,035,37,8,85,683,768,2,11,625,34,60,3403522890,Far Hills borough
511,035,12828,13000,8507,46958,55465,429,1396,19305,34,60,3403524900,Franklin township
512,035,1331,223,566,5150,5716,28,116,3452,34,60,3403527510,Green Brook township
513,035,6951,1611,2716,30640,33356,154,781,21143,34,60,3403531890,Hillsborough township
514,035,280,342,2547,6158,8705,49,195,5292,34,60,3403543620,Manville borough
515,035,7,7,18,316,334,1,6,295,34,60,3403546590,Millstone borough
516,035,6466,550,843,16799,17642,64,419,9300,34,60,3403547580,Montgomery township
517,035,851,3441,8441,9165,17606,152,417,4304,34,60,3403553280,North Plainfield borough
518,035,49,44,212,1755,1967,0,20,1642,34,60,3403557300,Peapack and Gladstone borough
519,035,1209,186,1175,5063,6238,32,119,3517,34,60,3403561980,Raritan borough
520,035,21,1,37,516,553,3,12,479,34,60,3403564320,Rocky Hill borough
521,035,1184,963,2275,7710,9985,69,286,5208,34,60,3403568460,Somerville borough
522,035,329,410,1144,2771,3915,25,102,1905,34,60,3403568730,South Bound Brook borough
523,035,2538,203,804,11739,12543,70,333,8595,34,60,3403576940,Warren township
524,035,758,234,346,4806,5152,44,152,3618,34,60,3403577600,Watchung borough
525,037,5,13,45,453,498,2,18,415,34,60,3403701330,Andover borough
526,037,178,158,366,4610,4976,35,130,4109,34,60,3403701360,Andover township
527,037,12,6,31,600,631,2,14,566,34,60,3403707300,Branchville borough
528,037,110,85,479,5905,6384,35,171,5504,34,60,3403709160,Byram township
529,037,60,37,204,4197,4401,21,118,3961,34,60,3403724810,Frankford township
530,037,55,82,429,3549,3978,21,140,3251,34,60,3403724930,Franklin borough
531,037,48,20,117,2512,2629,15,61,2368,34,60,3403725140,Fredon township
532,037,56,47,209,2602,2811,24,63,2412,34,60,3403727420,Green township
533,037,75,76,240,2453,2693,17,84,2201,34,60,3403729220,Hamburg borough
534,037,62,22,189,3832,4021,18,113,3617,34,60,3403729490,Hampton township
535,037,185,186,454,6279,6733,39,176,5693,34,60,3403729850,Hardyston township
536,037,304,335,1810,10087,11897,91,304,9053,34,60,3403732910,Hopatcong borough
537,037,13,20,109,1815,1924,3,36,1743,34,60,3403737440,Lafayette township
538,037,49,61,280,2830,3110,21,87,2612,34,60,3403747430,Montague township
539,037,244,317,912,5819,6731,29,217,5012,34,60,3403751930,Newton town
540,037,28,11,183,1654,1837,12,53,1550,34,60,3403754660,Ogdensburg borough
541,037,22,7,72,1540,1612,8,47,1456,34,60,3403765700,Sandyston township
542,037,494,241,1061,13927,14988,71,397,12724,34,60,3403769690,Sparta township
543,037,85,61,335,2555,2890,20,82,2307,34,60,3403770380,Stanhope borough
544,037,32,18,148,3157,3305,12,68,3027,34,60,3403770890,Stillwater township
545,037,23,35,212,1425,1637,4,48,1315,34,60,3403771670,Sussex borough
546,037,168,247,1442,16553,17995,84,509,15545,34,60,3403775740,Vernon township
547,037,0,0,0,4,4,0,0,4,34,60,3403776640,Walpack township
548,037,95,121,575,8185,8760,46,247,7676,34,60,3403776790,Wantage township
549,039,1479,196,778,9319,10097,65,195,7384,34,60,3403905320,Berkeley Heights township
550,039,537,192,1331,11093,12424,45,212,10107,34,60,3403913150,Clark township
551,039,698,519,1659,16732,18391,75,440,15000,34,60,3403915640,Cranford township
552,039,2165,16663,66860,35677,102537,1369,2274,13206,34,60,3403921000,Elizabeth city
553,039,530,303,444,5337,5781,11,168,4325,34,60,3403922860,Fanwood borough
554,039,112,54,451,3212,3663,29,83,2934,34,60,3403925800,Garwood borough
555,039,437,8916,3918,13706,17624,418,903,3032,34,60,3403931980,Hillside township
556,039,349,173,1350,5269,6619,34,196,4517,34,60,3403936690,Kenilworth borough
557,039,1225,9118,11266,23248,34514,410,806,11689,34,60,3403940350,Linden city
558,039,346,106,456,5001,5457,27,108,4414,34,60,3403948510,Mountainside borough
559,039,1531,191,829,9387,10216,34,220,7411,34,60,3403951810,New Providence borough
560,039,419,15342,19703,19878,39581,392,835,2890,34,60,3403959190,Plainfield city
561,039,1418,7071,6481,17324,23805,189,685,7961,34,60,3403961530,Rahway city
562,039,499,8621,5903,12061,17964,188,510,2243,34,60,3403964620,Roselle borough
563,039,1067,912,3832,7148,10980,100,232,4837,34,60,3403964650,Roselle Park borough
564,039,1915,1910,1698,17062,18760,97,472,12668,34,60,3403966060,Scotch Plains township
565,039,1223,1180,1552,12074,13626,94,364,9213,34,60,3403970020,Springfield township
566,039,1721,705,2399,14183,16582,83,482,11192,34,60,3403971430,Summit city
567,039,5396,15119,9057,39617,48674,623,1478,17001,34,60,3403974480,Union township
568,039,1945,633,1419,20932,22351,98,564,17692,34,60,3403979040,Westfield town
569,039,6,10,99,1111,1210,3,43,1049,34,60,3403981650,Winfield township
570,041,146,157,323,4094,4417,21,105,3665,34,60,3404100670,Allamuchy township
571,041,33,48,123,1763,1886,4,36,1642,34,60,3404101030,Alpha borough
572,041,20,20,119,1864,1983,16,58,1750,34,60,3404104990,Belvidere town
573,041,62,49,229,4440,4669,42,127,4160,34,60,3404106160,Blairstown township
574,041,81,44,117,2289,2406,18,83,2063,34,60,3404124960,Franklin township
575,041,9,22,81,1682,1763,1,45,1605,34,60,3404125320,Frelinghuysen township
576,041,307,333,370,3795,4165,17,123,3015,34,60,3404128260,Greenwich township
577,041,317,277,1632,6497,8129,35,189,5679,34,60,3404128710,Hackettstown town
578,041,8,12,77,1219,1296,1,24,1174,34,60,3404129820,Hardwick township
579,041,16,17,34,2009,2043,7,49,1920,34,60,3404130090,Harmony township
580,041,16,4,86,1436,1522,5,42,1369,34,60,3404133060,Hope township
581,041,102,108,331,4180,4511,15,122,3833,34,60,3404133930,Independence township
582,041,31,18,145,2248,2393,10,104,2085,34,60,3404137320,Knowlton township
583,041,36,31,108,2068,2176,8,59,1934,34,60,3404140110,Liberty township
584,041,337,552,550,6591,7141,45,167,5490,34,60,3404141490,Lopatcong township
585,041,206,327,810,5474,6284,34,225,4682,34,60,3404143320,Mansfield township
586,041,20,35,118,1804,1922,2,84,1663,34,60,3404155530,Oxford township
587,041,189,1226,1630,9793,11423,48,453,7877,34,60,3404158350,Phillipsburg town
588,041,37,66,147,2506,2653,14,103,2286,34,60,3404159820,Pohatcong township
589,041,178,402,684,5094,5778,45,178,4291,34,60,3404177270,Washington borough
590,041,114,179,362,4863,5225,29,125,4416,34,60,3404177300,Washington township
591,041,39,91,184,3850,4034,17,58,3645,34,60,3404180570,White township
