STATEFP,PLACEFP,PLACENS,GEOID,NAME,NAMELSAD,LSAD,CLASSFP,PCICBSA,PCINECTA,MTFCC,FUNCSTAT,ALAND,AWATER,INTPTLAT,INTPTLON
36,5639,2391545,3605639,Bellerose,Bellerose village,47,C1,N,N,G4110,A,322231,0,40.7242529,-73.7166876
36,71267,2391159,3671267,Stewart Manor,Stewart Manor village,47,C1,N,N,G4110,A,542486,0,40.7201722,-73.6853044
36,54562,2391034,3654562,Old Brookville,Old Brookville village,47,C1,N,N,G4110,A,10314268,3279,40.8364697,-73.6051084
36,54705,2391036,3654705,Old Westbury,Old Westbury village,47,C1,N,N,G4110,A,22215003,0,40.7865519,-73.5975144
36,58486,2391068,3658486,Plandome Heights,Plandome Heights village,47,C1,N,N,G4110,A,468132,18117,40.8020725,-73.7049008
36,58497,2391069,3658497,Plandome Manor,Plandome Manor village,47,C1,N,N,G4110,A,1252739,56076,40.8135853,-73.6975268
36,59531,2391080,3659531,Port Washington North,Port Washington North village,47,C1,N,N,G4110,A,1248528,47188,40.8431535,-73.700058
36,56660,2391053,3656660,Patchogue,Patchogue village,47,C1,N,N,G4110,A,5854107,673507,40.7637098,-73.019773
36,63264,2391098,3663264,Rockville Centre,Rockville Centre village,47,C1,N,N,G4110,A,8420438,220954,40.6640241,-73.6380479
36,63770,2391100,3663770,Roslyn,Roslyn village,47,C1,N,N,G4110,A,1672164,30136,40.7998156,-73.650424
36,63792,2391101,3663792,Roslyn Estates,Roslyn Estates village,47,C1,N,N,G4110,A,1133077,0,40.7936593,-73.6612091
36,63803,2391102,3663803,Roslyn Harbor,Roslyn Harbor village,47,C1,N,N,G4110,A,3075219,3918,40.8112337,-73.640582
36,64232,2391106,3664232,Russell Gardens,Russell Gardens village,47,C1,N,N,G4110,A,449690,0,40.7808917,-73.7254514
36,64430,2391110,3664430,Saddle Rock,Saddle Rock village,47,C1,N,N,G4110,A,637868,56451,40.7943798,-73.7492781
36,65035,2391115,3665035,Sands Point,Sands Point village,47,C1,N,N,G4110,A,10947583,3570687,40.8534295,-73.7035856
36,39309,2390920,3639309,Kensington,Kensington village,47,C1,N,N,G4110,A,658402,0,40.7930772,-73.722242
36,66047,2391126,3666047,Sea Cliff,Sea Cliff village,47,C1,N,N,G4110,A,2887408,2192567,40.8461577,-73.6504304
36,73605,2391166,3673605,Thomaston,Thomaston village,47,C1,N,N,G4110,A,1045477,0,40.7875197,-73.7151584
36,76705,2391182,3676705,Valley Stream,Valley Stream village,47,C1,N,N,G4110,A,9010206,44613,40.6647468,-73.7049022
36,79444,2391212,3679444,Westbury,Westbury village,47,C1,N,N,G4110,A,6069816,0,40.7598798,-73.5891846
36,82117,2391219,3682117,Williston Park,Williston Park village,47,C1,N,N,G4110,A,1621987,0,40.7587561,-73.6465877
36,82986,2391226,3682986,Woodsburgh,Woodsburgh village,47,C1,N,N,G4110,A,881762,112721,40.6211969,-73.7062147
36,2968,2391528,3602968,Atlantic Beach,Atlantic Beach village,47,C1,N,N,G4110,A,1137583,1553096,40.5880134,-73.7293603
36,18597,2391627,3618597,Cove Neck,Cove Neck village,47,C1,N,N,G4110,A,3325818,724189,40.8857809,-73.4973041
36,23217,2391657,3623217,East Williston,East Williston village,47,C1,N,N,G4110,A,1472850,0,40.7608497,-73.633607
36,30191,2390867,3630191,Great Neck Estates,Great Neck Estates village,47,C1,N,N,G4110,A,1983719,92751,40.7864758,-73.7401665
36,56011,2391047,3656011,Oyster Bay Cove,Oyster Bay Cove village,47,C1,N,N,G4110,A,10837156,179757,40.8604959,-73.5053788
36,58475,2391067,3658475,Plandome,Plandome village,47,C1,N,N,G4110,A,1281021,23522,40.8065791,-73.7016304
36,69023,2391148,3669023,South Floral Park,South Floral Park village,47,C1,N,N,G4110,A,251922,0,40.7135069,-73.7004415
36,76331,2391177,3676331,Upper Brookville,Upper Brookville village,47,C1,N,N,G4110,A,11133148,0,40.8474989,-73.5629008
36,2044,2391514,3602044,Amityville,Amityville village,47,C1,N,N,G4110,A,5314199,1082191,40.6698436,-73.4157871
36,41553,2390936,3641553,Lawrence,Lawrence village,47,C1,N,N,G4110,A,9649189,2345107,40.6029236,-73.714434
36,49231,2391002,3649231,Munsey Park,Munsey Park village,47,C1,N,N,G4110,A,1346439,0,40.7990011,-73.6799336
36,49330,2391003,3649330,Muttontown,Muttontown village,47,C1,N,N,G4110,A,15687543,0,40.8253939,-73.5363382
36,3408,2391533,3603408,Babylon,Babylon village,47,C1,N,N,G4110,A,6284722,950042,40.6936792,-73.3260004
36,5672,2391544,3605672,Belle Terre,Belle Terre village,47,C1,N,N,G4110,A,2291697,0,40.9606977,-73.0672743
36,5771,2391546,3605771,Bellport,Bellport village,47,C1,N,N,G4110,A,3704488,235989,40.7509502,-72.9413254
36,8323,2391560,3608323,Brightwaters,Brightwaters village,47,C1,N,N,G4110,A,2500948,58407,40.7164346,-73.2615138
36,20379,2391640,3620379,Dering Harbor,Dering Harbor village,47,C1,N,N,G4110,A,636236,34459,41.0921774,-72.341328
36,22183,2391650,3622183,East Hampton,East Hampton village,47,C1,N,N,G4110,A,12338611,358523,40.9515426,-72.1960936
36,30576,2390871,3630576,Greenport,Greenport village,47,C1,N,N,G4110,A,2478297,641303,41.1024279,-72.3667628
36,32963,2390887,3632963,Head of the Harbor,Head of the Harbor village,47,C1,N,N,G4110,A,7270608,594054,40.8976582,-73.1615357
36,37840,2390913,3637840,Islandia,Islandia village,47,C1,N,N,G4110,A,5733949,0,40.8068617,-73.1710837
36,40530,2390926,3640530,Lake Grove,Lake Grove village,47,C1,N,N,G4110,A,7653845,2832,40.8578166,-73.1168438
36,42554,2390943,3642554,Lindenhurst,Lindenhurst village,47,C1,N,N,G4110,A,9717786,162552,40.6857512,-73.3715941
36,43005,2390948,3643005,Lloyd Harbor,Lloyd Harbor village,47,C1,N,N,G4110,A,24237683,3368325,40.921496,-73.4433864
36,51286,2391019,3651286,Nissequogue,Nissequogue village,47,C1,N,N,G4110,A,9862224,574404,40.9027162,-73.1862461
36,52188,2391022,3652188,North Haven,North Haven village,47,C1,N,N,G4110,A,7025757,0,41.0231119,-72.3140213
36,53396,2391026,3653396,Northport,Northport village,47,C1,N,N,G4110,A,5981590,571462,40.9040451,-73.3449678
36,54617,2391035,3654617,Old Field,Old Field village,47,C1,N,N,G4110,A,5360350,313330,40.9666734,-73.1310444
36,59157,2391073,3659157,Poquott,Poquott village,47,C1,N,N,G4110,A,1137669,381335,40.9530438,-73.0908771
36,59355,2391078,3659355,Port Jefferson,Port Jefferson village,47,C1,N,N,G4110,A,7920597,68974,40.9421766,-73.0527991
36,60422,2391085,3660422,Quogue,Quogue village,47,C1,N,N,G4110,A,10854964,2001085,40.821406,-72.5989033
36,64485,2391111,3664485,Sag Harbor,Sag Harbor village,47,C1,N,N,G4110,A,4672556,1351908,40.9965641,-72.2896461
36,67191,2391131,3667191,Shoreham,Shoreham village,47,C1,N,N,G4110,A,1175951,0,40.957097,-72.9070537
36,68462,2391151,3668462,Southampton,Southampton village,47,C1,N,N,G4110,A,17468778,2081593,40.8766173,-72.4030895
36,77519,2391187,3677519,Village of the Branch,Village of the Branch village,47,C1,N,N,G4110,A,2453581,80647,40.853368,-73.18223
36,30169,2390866,3630169,Great Neck,Great Neck village,47,C1,N,N,G4110,A,3455714,70057,40.8023675,-73.7330992
36,30213,2390868,3630213,Great Neck Plaza,Great Neck Plaza village,47,C1,N,N,G4110,A,806563,0,40.7869127,-73.726155
36,33139,2390888,3633139,Hempstead,Hempstead village,47,C1,N,N,G4110,A,9542684,12386,40.7043737,-73.6194451
36,34297,2390893,3634297,Hewlett Bay Park,Hewlett Bay Park village,47,C1,N,N,G4110,A,874300,56780,40.6351195,-73.695824
36,34308,2390894,3634308,Hewlett Harbor,Hewlett Harbor village,47,C1,N,N,G4110,A,1877214,272994,40.6336187,-73.6858977
36,34319,2390895,3634319,Hewlett Neck,Hewlett Neck village,47,C1,N,N,G4110,A,506242,46865,40.6247625,-73.6970824
36,37847,2390912,3637847,Island Park,Island Park village,47,C1,N,N,G4110,A,1151846,0,40.6052205,-73.6553002
36,4803,2391541,3604803,Baxter Estates,Baxter Estates village,47,C1,N,N,G4110,A,472627,0,40.833771,-73.6947594
36,5034,2391542,3605034,Bayville,Bayville village,47,C1,N,N,G4110,A,3769718,247886,40.9072567,-73.561166
36,10132,2391565,3610132,Brookville,Brookville village,47,C1,N,N,G4110,A,10223878,29514,40.8079116,-73.570122
36,39694,2390922,3639694,Kings Point,Kings Point village,47,C1,N,N,G4110,A,8699839,1666094,40.817892,-73.7393198
36,40937,2390928,3640937,Lake Success,Lake Success village,47,C1,N,N,G4110,A,4773528,128626,40.7638867,-73.7110834
36,13233,2391593,3613233,Cedarhurst,Cedarhurst village,47,C1,N,N,G4110,A,1747711,0,40.625202,-73.7278305
36,13618,2391596,3613618,Centre Island,Centre Island village,47,C1,N,N,G4110,A,2823386,3930,40.898546,-73.5219193
36,41432,2390933,3641432,Lattingtown,Lattingtown village,47,C1,N,N,G4110,A,9726332,198288,40.8946396,-73.5953435
36,41487,2390934,3641487,Laurel Hollow,Laurel Hollow village,47,C1,N,N,G4110,A,7660546,527562,40.8566996,-73.477542
36,43335,979167,3643335,Long Beach,Long Beach city,25,C5,N,N,G4110,A,5743691,4342665,40.5858353,-73.6654031
36,22260,2391651,3622260,East Hills,East Hills village,47,C1,N,N,G4110,A,5890288,0,40.7958261,-73.6292172
36,22876,2391655,3622876,East Rockaway,East Rockaway village,47,C1,N,N,G4110,A,2636667,34335,40.6438042,-73.66713
36,25384,2390834,3625384,Farmingdale,Farmingdale village,47,C1,N,N,G4110,A,2902587,0,40.7327617,-73.4464709
36,26264,2390839,3626264,Floral Park,Floral Park village,47,C1,N,N,G4110,A,3659650,34951,40.7219521,-73.7028241
36,64452,2391112,3664452,Sagaponack,Sagaponack village,47,C1,N,N,G4110,A,11420069,636825,40.9308947,-72.2687188
36,26352,2390841,3626352,Flower Hill,Flower Hill village,47,C1,N,N,G4110,A,4187622,0,40.8075428,-73.6756056
36,27485,2390852,3627485,Freeport,Freeport village,47,C1,N,N,G4110,A,11857378,757064,40.652407,-73.5849926
36,28178,2390857,3628178,Garden City,Garden City village,47,C1,N,N,G4110,A,13800993,63946,40.7257555,-73.6453981
36,43874,2390951,3643874,Lynbrook,Lynbrook village,47,C1,N,N,G4110,A,5213220,0,40.657883,-73.6741989
36,44787,2390958,3644787,Malverne,Malverne village,47,C1,N,N,G4110,A,2740050,0,40.6745409,-73.6721013
36,45106,2390963,3645106,Manorhaven,Manorhaven village,47,C1,N,N,G4110,A,1206512,428449,40.8388504,-73.7108246
36,45997,2390968,3645997,Massapequa Park,Massapequa Park village,47,C1,N,N,G4110,A,5676785,143952,40.6809094,-73.4496893
36,46107,2390970,3646107,Matinecock,Matinecock village,47,C1,N,N,G4110,A,6883734,12831,40.8593524,-73.5804716
36,29113,979003,3629113,Glen Cove,Glen Cove city,25,C5,N,N,G4110,A,17236296,32606059,40.8847565,-73.6447811
36,47405,2390983,3647405,Mill Neck,Mill Neck village,47,C1,N,N,G4110,A,6774552,839153,40.8821864,-73.5589406
36,47636,2390987,3647636,Mineola,Mineola village,47,C1,N,N,G4110,A,4868103,0,40.7469693,-73.6391753
36,50397,2391011,3650397,New Hyde Park,New Hyde Park village,47,C1,N,N,G4110,A,2225509,0,40.7323919,-73.6857407
36,53022,2391023,3653022,North Hills,North Hills village,47,C1,N,N,G4110,A,7143033,0,40.7764515,-73.6778435
36,37022,2390908,3637022,Huntington Bay,Huntington Bay village,47,C1,N,N,G4110,A,2585393,2321971,40.9035556,-73.4121274
36,54430,2391032,3654430,Ocean Beach,Ocean Beach village,47,C1,N,N,G4110,A,366033,0,40.6462856,-73.1565226
36,2737,2391526,3602737,Asharoken,Asharoken village,47,C1,N,N,G4110,A,3857930,12939704,40.9392698,-73.3850603
36,64881,2391114,3664881,Saltaire,Saltaire village,47,C1,N,N,G4110,A,602907,132675,40.6380715,-73.1947175
36,80181,2391214,3680181,Westhampton Beach,Westhampton Beach village,47,C1,N,N,G4110,A,7591362,187129,40.8069724,-72.6450716
36,80186,2391209,3680186,West Hampton Dunes,West Hampton Dunes village,47,C1,N,N,G4110,A,853041,219327,40.7788215,-72.706671
36,1011,2389121,3601011,Albertson,Albertson CDP,57,U1,N,N,G4210,S,1758559,0,40.7715889,-73.6481547
36,1594,2389130,3601594,Amagansett,Amagansett CDP,57,U1,N,N,G4210,S,16905427,63212,40.9898076,-72.1297054
36,2374,2389141,3602374,Aquebogue,Aquebogue CDP,57,U1,N,N,G4210,S,9853982,261619,40.9440126,-72.6153968
36,4055,2389167,3604055,Baiting Hollow,Baiting Hollow CDP,57,U1,N,N,G4210,S,8296192,24745,40.9655621,-72.7394924
36,4143,2389168,3604143,Baldwin,Baldwin CDP,57,U1,N,N,G4210,S,7655238,84792,40.6633742,-73.6107438
36,4154,2389169,3604154,Baldwin Harbor,Baldwin Harbor CDP,57,U1,N,N,G4210,S,2998147,1457085,40.629981,-73.6019918
36,4550,2389175,3604550,Barnum Island,Barnum Island CDP,57,U1,N,N,G4210,S,2241575,969176,40.6049158,-73.643134
36,4891,2389178,3604891,Bay Park,Bay Park CDP,57,U1,N,N,G4210,S,1300132,261801,40.631817,-73.6685205
36,4913,2389180,3604913,Bayport,Bayport CDP,57,U1,N,N,G4210,S,9662354,195103,40.7459836,-73.0563882
36,4935,2389179,3604935,Bay Shore,Bay Shore CDP,57,U1,N,N,G4210,S,13988369,426363,40.7303131,-73.2493195
36,5039,2389181,3605039,Baywood,Baywood CDP,57,U2,N,N,G4210,S,5920213,0,40.7533535,-73.2899258
36,5661,2389196,3605661,Bellerose Terrace,Bellerose Terrace CDP,57,U1,N,N,G4210,S,323812,0,40.7221474,-73.7251627
36,5738,2389199,3605738,Bellmore,Bellmore CDP,57,U1,N,N,G4210,S,6110561,1589667,40.6602385,-73.5265973
36,6387,2389207,3606387,Bethpage,Bethpage CDP,57,U1,N,N,G4210,S,9261286,0,40.7495174,-73.4855359
36,7069,2389219,3607069,Blue Point,Blue Point CDP,57,U1,N,N,G4210,S,4666261,14894,40.7516425,-73.0350153
36,7157,2389223,3607157,Bohemia,Bohemia CDP,57,U1,N,N,G4210,S,22299186,89448,40.7770107,-73.1350895
36,8026,2389235,3608026,Brentwood,Brentwood CDP,57,U1,N,N,G4210,S,28403470,0,40.783958,-73.2521929
36,8136,2389240,3608136,Bridgehampton,Bridgehampton CDP,57,U1,N,N,G4210,S,33706328,1614607,40.9506904,-72.3133321
36,9000,2389246,3609000,Brookhaven,Brookhaven CDP,57,U1,N,N,G4210,S,15030640,361456,40.7766706,-72.9078329
36,11781,2389270,3611781,Calverton,Calverton CDP,57,U1,N,N,G4210,S,72633771,1301685,40.9199403,-72.7733697
36,12419,2389277,3612419,Carle Place,Carle Place CDP,57,U1,N,N,G4210,S,2421685,0,40.7500266,-73.6121235
36,13376,2389296,3613376,Centereach,Centereach CDP,57,U1,N,N,G4210,S,22608159,0,40.8695695,-73.0807982
36,13420,2389295,3613420,Center Moriches,Center Moriches CDP,57,U1,N,N,G4210,S,13573474,1074156,40.8020462,-72.7951665
36,13442,2389297,3613442,Centerport,Centerport CDP,57,U1,N,N,G4210,S,5484919,492766,40.9024249,-73.3714271
36,13552,2389298,3613552,Central Islip,Central Islip CDP,57,U1,N,N,G4210,S,18412408,0,40.7837651,-73.1944702
36,16958,2389342,3616958,Cold Spring Harbor,Cold Spring Harbor CDP,57,U1,N,N,G4210,S,9488344,438101,40.8518984,-73.453137
36,17530,2389350,3617530,Commack,Commack CDP,57,U1,N,N,G4210,S,30977148,0,40.844231,-73.2834034
36,18146,2389357,3618146,Copiague,Copiague CDP,57,U1,N,N,G4210,S,8008663,270096,40.6719873,-73.3938596
36,18157,2389359,3618157,Coram,Coram CDP,57,U1,N,N,G4210,S,35809746,0,40.8812366,-73.0058821
36,19466,2389387,3619466,Cutchogue,Cutchogue CDP,57,U1,N,N,G4210,S,25190749,1099031,41.0212229,-72.4869577
36,19972,2389400,3619972,Deer Park,Deer Park CDP,57,U1,N,N,G4210,S,15973929,9723,40.7614408,-73.3217362
36,20687,2389409,3620687,Dix Hills,Dix Hills CDP,57,U1,N,N,G4210,S,41279779,0,40.8035399,-73.3370435
36,21578,2389426,3621578,East Atlantic Beach,East Atlantic Beach CDP,57,U1,N,N,G4210,S,808228,961004,40.5855822,-73.7122036
36,21985,2389429,3621985,East Farmingdale,East Farmingdale CDP,57,U1,N,N,G4210,S,14828450,0,40.7336284,-73.4168995
36,22200,2389434,3622200,East Hampton North,East Hampton North CDP,57,U2,N,N,G4210,S,14604674,0,40.9725185,-72.1887705
36,22315,2389436,3622315,East Islip,East Islip CDP,57,U1,N,N,G4210,S,10297132,254471,40.7276704,-73.1866482
36,22447,2389439,3622447,East Marion,East Marion CDP,57,U1,N,N,G4210,S,5797296,332324,41.1304298,-72.3449797
36,22480,2389440,3622480,East Massapequa,East Massapequa CDP,57,U1,N,N,G4210,S,8864269,393652,40.6758444,-73.4366145
36,22502,2389441,3622502,East Meadow,East Meadow CDP,57,U1,N,N,G4210,S,16324393,61309,40.7201151,-73.5588611
36,22546,2389442,3622546,East Moriches,East Moriches CDP,57,U1,N,N,G4210,S,14231307,397000,40.8096367,-72.7597404
36,22612,2389444,3622612,East Northport,East Northport CDP,57,U1,N,N,G4210,S,13378830,0,40.8791553,-73.3232308
36,22623,2389445,3622623,East Norwich,East Norwich CDP,57,U1,N,N,G4210,S,2724886,0,40.8495235,-73.5288524
36,22733,2389446,3622733,East Patchogue,East Patchogue CDP,57,U1,N,N,G4210,S,21558400,372306,40.7700309,-72.9817724
36,22810,2389455,3622810,Eastport,Eastport CDP,57,U1,N,N,G4210,S,13592579,335806,40.8407889,-72.7257324
36,22832,2389447,3622832,East Quogue,East Quogue CDP,57,U1,N,N,G4210,S,22785197,7037060,40.8492671,-72.5788983
36,22980,2389450,3622980,East Shoreham,East Shoreham CDP,57,U1,N,N,G4210,S,13960861,0,40.9459384,-72.8811298
36,23316,2389456,3623316,Eatons Neck,Eatons Neck CDP,57,U1,N,N,G4210,S,2602162,0,40.9330767,-73.3947939
36,24273,2389038,3624273,Elmont,Elmont CDP,57,U1,N,N,G4210,S,8831008,30398,40.6991762,-73.7061659
36,24405,2389039,3624405,Elwood,Elwood CDP,57,U1,N,N,G4210,S,12381417,0,40.8461978,-73.3388743
36,25417,2389076,3625417,Farmingville,Farmingville CDP,57,U1,N,N,G4210,S,10673752,0,40.8388721,-73.0401437
36,25839,2389085,3625839,Fire Island,Fire Island CDP,57,U1,N,N,G4210,S,23818703,75300440,40.6370968,-73.203314
36,25923,2389087,3625923,Fishers Island,Fishers Island CDP,57,U1,N,N,G4210,S,10504177,380880,41.2802468,-71.946653
36,26121,2389089,3626121,Flanders,Flanders CDP,57,U1,N,N,G4210,S,29821000,449484,40.8887553,-72.604235
36,26946,2389112,3626946,Fort Salonga,Fort Salonga CDP,57,U1,N,N,G4210,S,25390193,299704,40.9035139,-73.3025587
36,27309,2389810,3627309,Franklin Square,Franklin Square CDP,57,U1,N,N,G4210,S,7453561,0,40.7001809,-73.6774876
36,28189,2389826,3628189,Garden City Park,Garden City Park CDP,57,U1,N,N,G4210,S,2553667,17844,40.7429305,-73.663307
36,28200,2389827,3628200,Garden City South,Garden City South CDP,57,U1,N,N,G4210,S,1048116,0,40.7121204,-73.6604457
36,28990,2584260,3628990,Gilgo,Gilgo CDP,57,U2,N,N,G4210,S,12956335,17350954,40.6361511,-73.3837752
36,29245,2389848,3629245,Glen Head,Glen Head CDP,57,U1,N,N,G4210,S,4254608,0,40.8449175,-73.6180177
36,29421,2389855,3629421,Glenwood Landing,Glenwood Landing CDP,57,U1,N,N,G4210,S,2519102,0,40.8294334,-73.6377136
36,29509,2389862,3629509,Gordon Heights,Gordon Heights CDP,57,U1,N,N,G4210,S,4413705,35802,40.8631673,-72.962088
36,30202,2389869,3630202,Great Neck Gardens,Great Neck Gardens CDP,57,U1,N,N,G4210,S,441560,0,40.7969716,-73.7227016
36,30235,2389870,3630235,Great River,Great River CDP,57,U1,N,N,G4210,S,11885922,1531937,40.7165239,-73.1622418
36,30543,2389876,3630543,Greenlawn,Greenlawn CDP,57,U1,N,N,G4210,S,9645675,6667,40.8640948,-73.3634273
36,30581,2389877,3630581,Greenport West,Greenport West CDP,57,U2,N,N,G4210,S,8315898,324064,41.0909059,-72.3878214
36,30598,2389879,3630598,Greenvale,Greenvale CDP,57,U1,N,N,G4210,S,646646,0,40.8119574,-73.6263268
36,31445,2389889,3631445,Halesite,Halesite CDP,57,U1,N,N,G4210,S,2302550,239011,40.8871042,-73.4146802
36,31896,2389893,3631896,Hampton Bays,Hampton Bays CDP,57,U1,N,N,G4210,S,33246692,13714237,40.870215,-72.5217405
36,32094,2389898,3632094,Harbor Hills,Harbor Hills CDP,57,U1,N,N,G4210,S,309161,152151,40.7885882,-73.749019
36,32105,2389899,3632105,Harbor Isle,Harbor Isle CDP,57,U1,N,N,G4210,S,451689,140989,40.6025083,-73.6647196
36,32732,2389910,3632732,Hauppauge,Hauppauge CDP,57,U1,N,N,G4210,S,27784616,384470,40.8223507,-73.2107005
36,34198,2389919,3634198,Herricks,Herricks CDP,57,U1,N,N,G4210,S,1483898,0,40.7566821,-73.663492
36,34286,2389921,3634286,Hewlett,Hewlett CDP,57,U1,N,N,G4210,S,2280771,45437,40.6419957,-73.6943933
36,34374,2389922,3634374,Hicksville,Hicksville CDP,57,U1,N,N,G4210,S,17591639,35820,40.7641365,-73.5248057
36,35056,2389939,3635056,Holbrook,Holbrook CDP,57,U1,N,N,G4210,S,18581080,0,40.7944068,-73.0706895
36,35254,2389946,3635254,Holtsville,Holtsville CDP,57,U1,N,N,G4210,S,18411749,0,40.8123733,-73.0446532
36,36233,2389959,3636233,Huntington,Huntington CDP,57,U1,N,N,G4210,S,19668503,361347,40.878122,-73.4076535
36,37044,2389961,3637044,Huntington Station,Huntington Station CDP,57,U1,N,N,G4210,S,14181081,9518,40.8444877,-73.4048123
36,37583,2389968,3637583,Inwood,Inwood CDP,57,U1,N,N,G4210,S,4130226,1602743,40.6213463,-73.7569899
36,37869,2389974,3637869,Islip,Islip CDP,57,U1,N,N,G4210,S,12499608,298191,40.7374479,-73.2157578
36,38253,2389977,3638253,Jamesport,Jamesport CDP,57,U1,N,N,G4210,S,11645696,70264,40.9609665,-72.5831735
36,38539,2389984,3638539,Jericho,Jericho CDP,57,U1,N,N,G4210,S,10261294,0,40.7874468,-73.5416155
36,39672,2390002,3639672,Kings Park,Kings Park CDP,57,U1,N,N,G4210,S,16138525,970800,40.8869638,-73.245571
36,40838,2390024,3640838,Lake Ronkonkoma,Lake Ronkonkoma CDP,57,U1,N,N,G4210,S,12787300,6946,40.8304384,-73.1117501
36,41003,2390030,3641003,Lakeview,Lakeview CDP,57,U1,N,N,G4210,S,2591953,505775,40.6777325,-73.649718
36,41465,2390036,3641465,Laurel,Laurel CDP,57,U1,N,N,G4210,S,7769817,190446,40.9729178,-72.5545317
36,42081,2390060,3642081,Levittown,Levittown CDP,57,U1,N,N,G4210,S,17643735,64664,40.7239901,-73.5127085
36,42279,2390063,3642279,Lido Beach,Lido Beach CDP,57,U1,N,N,G4210,S,4503907,6440824,40.5885471,-73.596395
36,43192,2390086,3643192,Locust Valley,Locust Valley CDP,57,U1,N,N,G4210,S,2350394,49171,40.8781156,-73.5888296
36,44792,2390113,3644792,Malverne Park Oaks,Malverne Park Oaks CDP,57,U1,N,N,G4210,S,336736,0,40.6816549,-73.6644145
36,44897,2390115,3644897,Manhasset,Manhasset CDP,57,U1,N,N,G4210,S,6178493,88851,40.7849771,-73.6948789
36,44908,2390116,3644908,Manhasset Hills,Manhasset Hills CDP,57,U1,N,N,G4210,S,1531360,0,40.7591369,-73.6808696
36,45139,2390117,3645139,Manorville,Manorville CDP,57,U1,N,N,G4210,S,65786530,108884,40.8623282,-72.7875206
36,45986,2390130,3645986,Massapequa,Massapequa CDP,57,U1,N,N,G4210,S,9217026,1122029,40.6683024,-73.4715151
36,46074,2390132,3646074,Mastic,Mastic CDP,57,U1,N,N,G4210,S,10109754,220011,40.8096529,-72.8479863
36,46140,2390134,3646140,Mattituck,Mattituck CDP,57,U1,N,N,G4210,S,23301263,938784,41.0003964,-72.5411738
36,46404,2389468,3646404,Medford,Medford CDP,57,U1,N,N,G4210,S,27968186,0,40.8219786,-72.9859179
36,46514,2389471,3646514,Melville,Melville CDP,57,U1,N,N,G4210,S,31321599,2786,40.7829281,-73.4070747
36,46668,2389474,3646668,Merrick,Merrick CDP,57,U1,N,N,G4210,S,10311480,3029606,40.6516365,-73.5519267
36,46976,2389478,3646976,Middle Island,Middle Island CDP,57,U1,N,N,G4210,S,21286833,150244,40.8925094,-72.9511747
36,47306,2389485,3647306,Miller Place,Miller Place CDP,57,U1,N,N,G4210,S,16962332,0,40.9373139,-72.9863484
36,48054,2389495,3648054,Montauk,Montauk CDP,57,U1,N,N,G4210,S,45271234,5832664,41.0472561,-71.9452992
36,48450,2389506,3648450,Moriches,Moriches CDP,57,U1,N,N,G4210,S,5377834,589108,40.805414,-72.8269917
36,49066,2389517,3649066,Mount Sinai,Mount Sinai CDP,57,U1,N,N,G4210,S,15535626,1085834,40.9432893,-73.0219533
36,49424,2389528,3649424,Napeague,Napeague CDP,57,U1,N,N,G4210,S,9526390,206708,40.9906266,-72.0829901
36,49825,2389535,3649825,Nesconset,Nesconset CDP,57,U1,N,N,G4210,S,9896766,7673,40.8468555,-73.1520076
36,50067,2389538,3650067,New Cassel,New Cassel CDP,57,U1,N,N,G4210,S,3830855,0,40.7600483,-73.5648913
36,50727,2389544,3650727,New Suffolk,New Suffolk CDP,57,U1,N,N,G4210,S,1441122,139586,40.9967536,-72.4774722
36,51396,2389559,3651396,North Amityville,North Amityville CDP,57,U1,N,N,G4210,S,6097615,0,40.700499,-73.4118386
36,51418,2389590,3651418,Northampton,Northampton CDP,57,U1,N,N,G4210,S,29935967,259511,40.8751586,-72.6840774
36,51440,2389560,3651440,North Babylon,North Babylon CDP,57,U1,N,N,G4210,S,8732719,136217,40.7296048,-73.327134
36,51517,2389564,3651517,North Bellmore,North Bellmore CDP,57,U1,N,N,G4210,S,6786405,0,40.6903458,-73.5390162
36,51528,2389565,3651528,North Bellport,North Bellport CDP,57,U1,N,N,G4210,S,12684203,0,40.786833,-72.9456672
36,52078,2389570,3652078,North Great River,North Great River CDP,57,U1,N,N,G4210,S,6032865,65183,40.7561575,-73.1630609
36,53198,2389573,3653198,North Lindenhurst,North Lindenhurst CDP,57,U1,N,N,G4210,S,4999754,0,40.707222,-73.3859686
36,53231,2389574,3653231,North Lynbrook,North Lynbrook CDP,57,U1,N,N,G4210,S,224097,0,40.668563,-73.6735875
36,53319,2389579,3653319,North Patchogue,North Patchogue CDP,57,U1,N,N,G4210,S,5110115,133259,40.784034,-73.0238888
36,53561,2389582,3653561,North Sea,North Sea CDP,57,U1,N,N,G4210,S,28621992,2696201,40.9315432,-72.4060404
36,53748,2389586,3653748,North Valley Stream,North Valley Stream CDP,57,U1,N,N,G4210,S,4829509,84194,40.6842621,-73.7080766
36,53775,2389592,3653775,Northville,Northville CDP,57,U1,N,N,G4210,S,19160882,53168,40.9755724,-72.6302456
36,53792,2389589,3653792,North Wantagh,North Wantagh CDP,57,U1,N,N,G4210,S,4929540,23421,40.6938775,-73.5163598
36,53852,2389593,3653852,Northwest Harbor,Northwest Harbor CDP,57,U1,N,N,G4210,S,37485154,4091395,40.9997745,-72.221626
36,54056,2389596,3654056,Noyack,Noyack CDP,57,U1,N,N,G4210,S,21765643,835195,40.9787055,-72.346015
36,54112,2389842,3654112,Oak Beach-Captree,Oak Beach-Captree CDP,57,U2,N,N,G4210,S,7139275,2384310,40.6507926,-73.2725118
36,54144,2389603,3654144,Oakdale,Oakdale CDP,57,U1,N,N,G4210,S,8572801,1295764,40.7377825,-73.1346977
36,54441,2389611,3654441,Oceanside,Oceanside CDP,57,U1,N,N,G4210,S,12767333,1303114,40.63302,-73.6377013
36,54551,2389615,3654551,Old Bethpage,Old Bethpage CDP,57,U1,N,N,G4210,S,10832450,8861,40.750823,-73.4583956
36,55321,2389627,3655321,Orient,Orient CDP,57,U1,N,N,G4210,S,13264844,2671574,41.148888,-72.2493835
36,55992,2389634,3655992,Oyster Bay,Oyster Bay CDP,57,U1,N,N,G4210,S,3274890,957757,40.8680567,-73.5310531
36,56968,2389654,3656968,Peconic,Peconic CDP,57,U1,N,N,G4210,S,8753108,325090,41.0390672,-72.4644192
36,38022,2389975,3638022,Islip Terrace,Islip Terrace CDP,57,U1,N,N,G4210,S,3476721,0,40.7506153,-73.1871913
36,46085,2390131,3646085,Mastic Beach,Mastic Beach CDP,57,U1,N,N,G4210,S,12225053,659796,40.7675917,-72.8375585
36,51495,2389562,3651495,North Bay Shore,North Bay Shore CDP,57,U1,N,N,G4210,S,8323081,0,40.7601192,-73.2617516
36,53253,2389575,3653253,North Massapequa,North Massapequa CDP,57,U1,N,N,G4210,S,7754800,13315,40.7030072,-73.4691216
36,53264,2389576,3653264,North Merrick,North Merrick CDP,57,U1,N,N,G4210,S,4451873,18421,40.6883686,-73.5605766
36,53275,2389578,3653275,North New Hyde Park,North New Hyde Park CDP,57,U1,N,N,G4210,S,5115142,55729,40.7457528,-73.6877753
36,58409,2389678,3658409,Plainedge,Plainedge CDP,57,U1,N,N,G4210,S,3636242,0,40.724009,-73.4769932
36,58442,2389681,3658442,Plainview,Plainview CDP,57,U1,N,N,G4210,S,14825125,27297,40.7817708,-73.4731175
36,58849,2389692,3658849,Point Lookout,Point Lookout CDP,57,U1,N,N,G4210,S,585380,0,40.5903263,-73.5794563
36,59377,2389695,3659377,Port Jefferson Station,Port Jefferson Station CDP,57,U1,N,N,G4210,S,6869764,0,40.9259711,-73.0651071
36,59520,2389700,3659520,Port Washington,Port Washington CDP,57,U1,N,N,G4210,S,10837535,3702088,40.8274515,-73.6800082
36,60408,2389720,3660408,Quiogue,Quiogue CDP,57,U1,N,N,G4210,S,3257996,1114924,40.8196959,-72.6281501
36,63506,2389771,3663506,Roosevelt,Roosevelt CDP,57,U1,N,N,G4210,S,4584991,26590,40.6794219,-73.5833723
36,64584,2390347,3664584,St. James,St. James CDP,57,U1,N,N,G4210,S,11811912,2271,40.8764025,-73.152102
36,66058,2390268,3666058,Seaford,Seaford CDP,57,U1,N,N,G4210,S,6759280,145469,40.66624,-73.4926403
36,66102,2390269,3666102,Searingtown,Searingtown CDP,57,U1,N,N,G4210,S,2407003,0,40.7704281,-73.6603378
36,67048,2390295,3667048,Shinnecock Hills,Shinnecock Hills CDP,57,U1,N,N,G4210,S,7307102,520207,40.8886117,-72.4527507
36,67070,2390296,3667070,Shirley,Shirley CDP,57,U1,N,N,G4210,S,29713488,1105999,40.7955033,-72.8735655
36,67851,2390309,3667851,Smithtown,Smithtown CDP,57,U1,N,N,G4210,S,30088577,1264975,40.8634085,-73.2244407
36,68374,2390313,3668374,Sound Beach,Sound Beach CDP,57,U1,N,N,G4210,S,4238910,0,40.957875,-72.9724785
36,69254,2390319,3669254,South Huntington,South Huntington CDP,57,U1,N,N,G4210,S,8845468,0,40.8225053,-73.392162
36,69452,2390327,3669452,Southold,Southold CDP,57,U1,N,N,G4210,S,27104278,2212819,41.0599118,-72.4272818
36,69892,2390326,3669892,South Valley Stream,South Valley Stream CDP,57,U1,N,N,G4210,S,2252911,0,40.6557931,-73.7185385
36,70387,2390342,3670387,Springs,Springs CDP,57,U1,N,N,G4210,S,21958677,1955279,41.0272035,-72.170962
36,71608,2390358,3671608,Stony Brook,Stony Brook CDP,57,U1,N,N,G4210,S,15037482,359473,40.9059573,-73.1273739
36,72554,2390376,3672554,Syosset,Syosset CDP,57,U1,N,N,G4210,S,12885283,0,40.815682,-73.5020254
36,73352,2390382,3673352,Terryville,Terryville CDP,57,U1,N,N,G4210,S,8361068,0,40.9090496,-73.0491436
36,75572,2390408,3675572,Tuckahoe,Tuckahoe CDP,57,U1,N,N,G4210,S,10737400,1187239,40.9035327,-72.4355473
36,76089,2390417,3676089,Uniondale,Uniondale CDP,57,U1,N,N,G4210,S,14789917,0,40.7175929,-73.5946547
36,76287,2390418,3676287,University Gardens,University Gardens CDP,57,U1,N,N,G4210,S,1362227,0,40.7751171,-73.7278362
36,77772,2390442,3677772,Wading River,Wading River CDP,57,U1,N,N,G4210,S,25332008,101708,40.9473513,-72.8235613
36,77805,2390443,3677805,Wainscott,Wainscott CDP,57,U1,N,N,G4210,S,17414678,1285863,40.9586736,-72.253846
36,78146,2390451,3678146,Wantagh,Wantagh CDP,57,U1,N,N,G4210,S,9919069,768885,40.6678588,-73.5104645
36,78575,2390459,3678575,Water Mill,Water Mill CDP,57,U1,N,N,G4210,S,27395628,3878028,40.922393,-72.3507042
36,79246,2390464,3679246,West Babylon,West Babylon CDP,57,U1,N,N,G4210,S,20147868,750250,40.7108546,-73.3584019
36,79301,2390465,3679301,West Bay Shore,West Bay Shore CDP,57,U1,N,N,G4210,S,5663078,204282,40.708702,-73.2719126
36,80170,2390494,3680170,Westhampton,Westhampton CDP,57,U1,N,N,G4210,S,32789531,5691273,40.8467597,-72.6599005
36,80225,2390475,3680225,West Hempstead,West Hempstead CDP,57,U1,N,N,G4210,S,6878983,182142,40.6958158,-73.6504545
36,80258,2390476,3680258,West Hills,West Hills CDP,57,U1,N,N,G4210,S,12753994,0,40.8198636,-73.4338995
36,80302,2390479,3680302,West Islip,West Islip CDP,57,U1,N,N,G4210,S,16325577,1188130,40.7099426,-73.2960854
36,80885,2390490,3680885,West Sayville,West Sayville CDP,57,U1,N,N,G4210,S,4971091,513138,40.729739,-73.1052004
36,81419,2390502,3681419,Wheatley Heights,Wheatley Heights CDP,57,U1,N,N,G4210,S,3405183,0,40.7624282,-73.3705295
36,82744,2390529,3682744,Woodbury,Woodbury CDP,57,U1,N,N,G4210,S,12971190,41188,40.8202082,-73.4724495
36,82942,2390535,3682942,Woodmere,Woodmere CDP,57,U1,N,N,G4210,S,6685823,611777,40.6373579,-73.7211862
36,83294,2390541,3683294,Wyandanch,Wyandanch CDP,57,U1,N,N,G4210,S,11552056,8646,40.7468038,-73.3766193
36,83426,2390547,3683426,Yaphank,Yaphank CDP,57,U1,N,N,G4210,S,35336640,318022,40.8310103,-72.9316504
36,61142,2389741,3661142,Remsenburg-Speonk,Remsenburg-Speonk CDP,57,U2,N,N,G4210,S,9321189,210244,40.8162326,-72.705765
36,61665,2389750,3661665,Ridge,Ridge CDP,57,U1,N,N,G4210,S,34191261,239982,40.903814,-72.88588
36,61973,2389757,3661973,Riverhead,Riverhead CDP,57,U1,N,N,G4210,S,39090231,790284,40.9444115,-72.6720535
36,62066,2389759,3662066,Riverside,Riverside CDP,57,U1,N,N,G4210,S,7033230,297331,40.9050866,-72.6717186
36,63319,2389766,3663319,Rocky Point,Rocky Point CDP,57,U1,N,N,G4210,S,29318482,0,40.9356882,-72.9364012
36,63473,2389770,3663473,Ronkonkoma,Ronkonkoma CDP,57,U1,N,N,G4210,S,20258356,859817,40.8030078,-73.1265466
36,63814,2389779,3663814,Roslyn Heights,Roslyn Heights CDP,57,U1,N,N,G4210,S,3823697,0,40.7787542,-73.6396027
36,64441,2389794,3664441,Saddle Rock Estates,Saddle Rock Estates CDP,57,U1,N,N,G4210,S,201822,0,40.7939491,-73.7414994
36,64842,2389795,3664842,Salisbury,Salisbury CDP,57,U1,N,N,G4210,S,4520312,40187,40.7458222,-73.5603303
36,65409,2390258,3665409,Sayville,Sayville CDP,57,U1,N,N,G4210,S,13743030,167315,40.7475875,-73.0852315
36,66212,2390271,3666212,Selden,Selden CDP,57,U1,N,N,G4210,S,11191256,0,40.8700232,-73.0461882
36,66481,2390276,3666481,Setauket-East Setauket,Setauket-East Setauket CDP,57,U2,N,N,G4210,S,22000979,2114203,40.928939,-73.1024925
36,66828,2390288,3666828,Shelter Island,Shelter Island CDP,57,U1,N,N,G4210,S,16986693,344364,41.0494834,-72.302316
36,66850,2390289,3666850,Shelter Island Heights,Shelter Island Heights CDP,57,U1,N,N,G4210,S,13977932,693487,41.0679608,-72.365703
36,69001,2390315,3669001,South Farmingdale,South Farmingdale CDP,57,U1,N,N,G4210,S,5744616,10630,40.7168856,-73.4486063
36,69188,2390317,3669188,South Hempstead,South Hempstead CDP,57,U1,N,N,G4210,S,1497817,0,40.6813399,-73.623334
36,71620,2611713,3671620,Stony Brook University,Stony Brook University CDP,57,U2,N,N,G4210,S,4400021,0,40.9099053,-73.1214531